basin_ID,nse,alpha-nse,beta-nse,fhv,fms,flv,kge,beta-kge,peak-timing,peak-mape,pearson-r
01013500,8.0881e-01,8.4365e-01,1.0249e+00,-2.7621e+00,-2.5107e+01,-5.6936e+01,8.1351e-01,1.0249e+00,1.2333e+00,2.6008e+01,9.0144e-01
01022500,6.9057e-01,8.5657e-01,9.5509e-01,-1.9205e+01,2.0765e+00,-2.4586e+01,7.7482e-01,9.5509e-01,6.1905e-01,4.1054e+01,8.3231e-01
01030500,7.9594e-01,8.0358e-01,9.2660e-01,-1.3080e+01,-2.6767e+01,1.1868e+01,7.6729e-01,9.2660e-01,1.3333e+00,2.8462e+01,8.9909e-01
01031500,7.6567e-01,9.1432e-01,9.1923e-01,-4.7065e+00,4.9164e+00,-6.0171e+01,8.2976e-01,9.1923e-01,5.1220e-01,3.7250e+01,8.7706e-01
01047000,6.7745e-01,9.1817e-01,8.5214e-01,-5.5002e+00,1.3602e+01,-1.8710e+02,7.6207e-01,8.5214e-01,7.3810e-01,3.9696e+01,8.3251e-01
01052500,6.5477e-01,9.4511e-01,1.0380e+00,-2.6050e+00,-1.1169e+01,-1.5723e+02,8.0733e-01,1.0380e+00,8.1395e-01,4.3475e+01,8.1928e-01
01054200,4.2578e-01,9.8471e-01,9.3292e-01,-2.7680e+00,3.9628e+01,-3.5954e+02,7.0110e-01,9.3292e-01,6.1905e-01,5.2967e+01,7.0912e-01
01055000,4.8792e-01,1.0048e+00,9.1347e-01,1.4668e+00,3.8506e+01,-2.7511e+02,7.3181e-01,9.1347e-01,7.2093e-01,4.8361e+01,7.4620e-01
01057000,6.0031e-01,9.2115e-01,9.0620e-01,-7.5355e+00,1.2623e+01,-1.6846e+02,7.5517e-01,9.0620e-01,1.2791e+00,5.4491e+01,7.8804e-01
01073000,6.9297e-01,9.7030e-01,8.3704e-01,-6.9892e+00,4.1716e+01,-1.6572e+01,7.7483e-01,8.3704e-01,9.5000e-01,5.1803e+01,8.4747e-01
01078000,6.3243e-01,9.0197e-01,8.9284e-01,-1.0124e+01,1.3068e+01,-2.8778e+02,7.5644e-01,8.9284e-01,1.0750e+00,4.9540e+01,8.0448e-01
01118300,6.2662e-01,9.2845e-01,8.5910e-01,-1.1197e+01,2.0039e+01,-9.4964e+00,7.5117e-01,8.5910e-01,9.5556e-01,5.7500e+01,8.0780e-01
01121000,4.0165e-01,8.3433e-01,8.7328e-01,-2.2433e+01,2.1447e+01,-7.6491e+01,6.0320e-01,8.7328e-01,1.5333e+00,7.6390e+01,6.6244e-01
01123000,4.2540e-01,9.0168e-01,9.2446e-01,-1.6834e+01,2.9139e+01,-4.1782e+02,6.6475e-01,9.2446e-01,1.3721e+00,6.7157e+01,6.8852e-01
01134500,6.4268e-01,9.4352e-01,9.8103e-01,-5.0289e+00,3.9133e+00,-2.8519e+01,8.0318e-01,9.8103e-01,6.0870e-01,4.0676e+01,8.1242e-01
01137500,3.6111e-01,8.3067e-01,1.0398e+00,-1.7283e+01,-5.9697e+00,-4.4345e+02,5.9401e-01,1.0398e+00,1.3333e+00,6.2772e+01,6.3316e-01
01139000,4.9331e-01,7.6361e-01,8.9915e-01,-2.4213e+01,-9.1739e+00,-2.1414e+02,6.1230e-01,8.9915e-01,1.6735e+00,6.4004e+01,7.0973e-01
01139800,5.1403e-01,6.9216e-01,9.2942e-01,-2.3712e+01,-3.3772e+01,1.6787e+01,5.7807e-01,9.2942e-01,1.9565e+00,6.5520e+01,7.2022e-01
01142500,5.3164e-01,6.9946e-01,8.7933e-01,-2.9794e+01,-1.5913e+01,-5.0577e+01,5.8223e-01,8.7933e-01,1.5122e+00,6.6396e+01,7.3609e-01
01144000,5.3900e-01,8.1323e-01,9.1729e-01,-2.0880e+01,-7.1529e+00,-1.2678e+02,6.6982e-01,9.1729e-01,1.3953e+00,6.2509e+01,7.4058e-01
01162500,6.7434e-01,9.4025e-01,1.0344e+00,-6.7389e+00,-1.2391e+01,1.3659e+01,8.1569e-01,1.0344e+00,6.0976e-01,4.0908e+01,8.2906e-01
01169000,4.5959e-01,8.5435e-01,9.6674e-01,-1.6883e+01,3.7501e+00,-1.4197e+02,6.6161e-01,9.6674e-01,1.4878e+00,6.9973e+01,6.9638e-01
01170100,4.3095e-01,7.4764e-01,9.6674e-01,-2.8021e+01,-1.2988e+01,-3.0368e+02,5.7716e-01,9.6674e-01,1.8421e+00,7.5606e+01,6.6236e-01
01181000,4.1138e-01,8.2074e-01,9.2079e-01,-2.3239e+01,2.8989e+00,-1.2201e+02,6.0961e-01,9.2079e-01,1.5610e+00,6.6826e+01,6.6236e-01
01187300,3.4791e-01,7.2564e-01,9.2306e-01,-3.2954e+01,-2.6665e+00,-4.4166e+01,5.1199e-01,9.2306e-01,1.5238e+00,7.7558e+01,6.0382e-01
01333000,5.0407e-01,8.0431e-01,9.2165e-01,-2.1713e+01,-1.1966e+01,-9.5827e+01,6.4786e-01,9.2165e-01,1.4186e+00,6.1311e+01,7.1792e-01
01350000,4.1420e-01,7.9125e-01,9.5985e-01,-2.3280e+01,-9.3741e+00,-2.7285e+02,5.9700e-01,9.5985e-01,1.3250e+00,6.4362e+01,6.5762e-01
01350140,4.4430e-01,7.4496e-01,9.9706e-01,-2.7928e+01,-2.7828e+01,-5.1606e+01,5.8346e-01,9.9706e-01,1.5263e+00,6.9932e+01,6.7068e-01
01365000,4.5550e-01,8.0183e-01,8.5409e-01,-2.3413e+01,9.2764e+00,-2.2330e+02,6.0518e-01,8.5409e-01,1.2143e+00,6.4871e+01,6.9126e-01
01411300,4.8310e-01,7.6431e-01,8.8956e-01,-3.3841e+01,4.3830e+01,-1.8090e+01,6.0832e-01,8.8956e-01,6.4103e-01,5.9775e+01,7.0731e-01
01413500,5.1519e-01,8.5337e-01,1.0272e+00,-1.3806e+01,-1.4868e+01,-8.7199e+01,6.9044e-01,1.0272e+00,1.2308e+00,5.3656e+01,7.2873e-01
01414500,3.9679e-01,7.7944e-01,9.3194e-01,-2.3847e+01,-7.4069e-02,-3.4679e+02,5.7704e-01,9.3194e-01,1.1778e+00,6.6105e+01,6.4558e-01
01415000,4.3425e-01,8.5258e-01,1.0317e+00,-1.4074e+01,-1.3184e+01,-6.0920e+01,6.4737e-01,1.0317e+00,1.3590e+00,6.1814e+01,6.8124e-01
01423000,5.9941e-01,8.9227e-01,9.4439e-01,-9.1416e+00,-1.7317e+00,-4.0312e+02,7.5126e-01,9.4439e-01,1.0244e+00,5.3474e+01,7.8281e-01
01435000,3.6250e-01,8.3665e-01,8.4915e-01,-1.6206e+01,3.3762e+01,-3.5841e+02,5.7703e-01,8.4915e-01,1.2826e+00,6.2861e+01,6.4019e-01
01439500,6.3624e-01,8.6049e-01,8.0375e-01,-1.3612e+01,1.3516e+01,-1.9133e+02,6.9713e-01,8.0375e-01,8.7805e-01,5.2075e+01,8.1627e-01
01440000,4.5838e-01,7.6041e-01,7.5068e-01,-2.6633e+01,3.4208e+01,-2.1728e+02,5.4660e-01,7.5068e-01,1.5000e+00,6.8733e+01,7.0672e-01
01440400,4.6089e-01,7.4256e-01,7.7062e-01,-2.7823e+01,2.4195e+01,-2.0024e+02,5.4264e-01,7.7062e-01,1.2308e+00,6.7433e+01,6.9952e-01
01451800,5.7154e-01,9.1566e-01,8.4875e-01,-1.0626e+01,4.5868e+01,-1.6987e+02,7.1558e-01,8.4875e-01,1.2045e+00,6.4939e+01,7.7437e-01
01466500,-1.3764e+00,1.7462e+00,1.5517e+00,3.0195e+01,7.2043e+01,-8.5704e+02,2.8199e-02,1.5517e+00,1.2353e+00,4.4994e+01,7.1144e-01
01484100,3.2052e-01,7.6919e-01,7.3037e-01,-3.1535e+01,1.2733e+02,-2.1583e+01,4.8340e-01,7.3037e-01,1.4737e+00,7.7578e+01,6.2463e-01
01485500,6.9168e-01,7.7792e-01,7.4265e-01,-2.4628e+01,1.1644e+02,-3.9740e+02,6.2665e-01,7.4265e-01,7.9487e-01,5.5699e+01,8.4558e-01
01486000,5.0545e-01,9.2437e-01,8.8586e-01,-1.3391e+01,1.1075e+02,-5.0080e+02,7.0409e-01,8.8586e-01,1.1429e+00,6.6170e+01,7.3768e-01
01487000,5.5000e-01,8.8702e-01,7.4568e-01,-2.0451e+01,5.7926e+01,-1.9672e+02,6.5425e-01,7.4568e-01,1.0286e+00,6.9168e+01,7.9483e-01
01491000,6.8884e-01,8.5768e-01,7.6499e-01,-2.0888e+01,1.3914e+02,-7.3596e+01,6.8319e-01,7.6499e-01,,5.5983e+01,8.4224e-01
01510000,6.3179e-01,8.9930e-01,9.0299e-01,-9.9908e+00,-4.0588e-01,-2.2118e+02,7.5869e-01,9.0299e-01,8.7179e-01,4.8965e+01,8.0333e-01
01516500,2.1767e-01,6.6331e-01,1.1137e+00,-3.3279e+01,-4.0878e+00,-3.6709e+01,3.8431e-01,1.1137e+00,1.5526e+00,7.8926e+01,4.9723e-01
01532000,3.6821e-01,8.2300e-01,9.4504e-01,-7.7027e+00,3.4921e+01,-2.7927e+02,5.9111e-01,9.4504e-01,1.1389e+00,5.9413e+01,6.3552e-01
01539000,5.5420e-01,9.2319e-01,8.0050e-01,-8.5108e+00,4.5590e+01,-4.0113e+02,6.8761e-01,8.0050e-01,9.5652e-01,5.4750e+01,7.7221e-01
01542810,5.1586e-01,9.0994e-01,9.3108e-01,-7.3594e+00,6.8384e+00,-2.1662e+02,7.1557e-01,9.3108e-01,7.1795e-01,5.1363e+01,7.3916e-01
01543000,6.2688e-01,9.0109e-01,8.7935e-01,-8.6960e+00,1.9721e+01,-1.4081e+02,7.4765e-01,8.7935e-01,6.7500e-01,4.4729e+01,8.0166e-01
01543500,6.7758e-01,9.2464e-01,9.6396e-01,-7.6723e+00,1.3980e+00,-1.4746e+02,8.0975e-01,9.6396e-01,6.3415e-01,4.1026e+01,8.2907e-01
01544500,6.0857e-01,8.9148e-01,8.4776e-01,-1.0384e+01,1.6817e+01,-3.4441e+02,7.2039e-01,8.4776e-01,7.0270e-01,4.5871e+01,7.9208e-01
01545600,6.0620e-01,9.2741e-01,9.3585e-01,-2.3715e+00,2.8153e+00,-1.3941e+02,7.7012e-01,9.3585e-01,6.1111e-01,4.2121e+01,7.9153e-01
01547700,4.8289e-01,9.0436e-01,8.6268e-01,-7.0197e+00,5.2498e+01,-2.9455e+02,6.7569e-01,8.6268e-01,1.0500e+00,6.6818e+01,7.2220e-01
01548500,6.2242e-01,9.2701e-01,8.5219e-01,-4.5605e+00,1.7712e+01,-3.3247e+02,7.4402e-01,8.5219e-01,8.9189e-01,4.9157e+01,8.0416e-01
01549500,4.5935e-01,8.0546e-01,8.4103e-01,-1.6678e+01,8.8260e+00,-1.6229e+02,6.0292e-01,8.4103e-01,1.3333e+00,7.3126e+01,6.9250e-01
01550000,4.9034e-01,8.4160e-01,8.5667e-01,-1.1008e+01,1.5328e+01,-2.6193e+02,6.4467e-01,8.5667e-01,1.1463e+00,5.8916e+01,7.1605e-01
01552000,5.5556e-01,9.1491e-01,8.4872e-01,-5.5970e+00,3.3952e+01,-3.1113e+02,7.0825e-01,8.4872e-01,8.2500e-01,5.1985e+01,7.6549e-01
01552500,3.0989e-01,7.4104e-01,8.3027e-01,-2.4677e+01,1.4144e+01,-1.8574e+02,4.8296e-01,8.3027e-01,1.2826e+00,6.8182e+01,5.8592e-01
01557500,4.8905e-01,8.0537e-01,7.7744e-01,-2.0502e+01,2.2398e+01,-2.4839e+02,5.9372e-01,7.7744e-01,1.4000e+00,7.0466e+01,7.2135e-01
01567500,2.8509e-01,6.3988e-01,8.3258e-01,-3.8411e+01,5.8473e+01,-3.4305e+02,3.9841e-01,8.3258e-01,1.3684e+00,7.7132e+01,5.4812e-01
01568000,4.2711e-01,8.9631e-01,7.7392e-01,-1.3148e+01,1.2196e+02,-6.2164e+02,6.0689e-01,7.7392e-01,1.1622e+00,5.6883e+01,6.9557e-01
01580000,2.2936e-01,6.1490e-01,8.8589e-01,-4.9532e+01,4.0561e+01,-1.0352e+02,3.6011e-01,8.8589e-01,1.7209e+00,8.2318e+01,5.0186e-01
01583500,1.8550e-01,5.0482e-01,7.9585e-01,-5.6004e+01,2.4673e+01,-1.2129e+02,2.4529e-01,7.9585e-01,1.7273e+00,8.4878e+01,4.6830e-01
01591400,1.1639e-01,4.7336e-01,8.7783e-01,-6.0250e+01,5.8834e+01,4.0786e+01,1.6575e-01,8.7783e-01,1.6190e+00,8.6131e+01,3.6464e-01
01596500,5.1747e-01,9.0346e-01,8.8949e-01,-1.2298e+01,2.0477e+01,-4.3754e+02,7.0195e-01,8.8949e-01,1.0513e+00,5.9696e+01,7.4058e-01
01605500,3.6174e-01,9.0981e-01,1.0003e+00,1.2659e+01,2.5980e+02,-8.6330e+02,6.4215e-01,1.0003e+00,4.5897e+00,7.2416e+01,6.5371e-01
01606500,6.4472e-01,9.7911e-01,1.0166e+00,2.0079e-01,8.8325e+01,-8.7644e+02,8.1688e-01,1.0166e+00,1.1750e+00,5.9956e+01,8.1883e-01
01620500,5.3619e-01,6.8618e-01,8.1262e-01,-2.7892e+01,5.2188e+01,-2.7692e+02,5.4959e-01,8.1262e-01,8.5000e-01,7.2138e+01,7.3680e-01
01632000,4.4993e-01,8.4460e-01,7.7571e-01,-8.6995e+00,1.1930e+02,-5.9860e+01,5.8833e-01,7.7571e-01,1.1707e+00,6.8364e+01,6.9176e-01
01632900,2.2550e-01,6.8343e-01,1.0631e+00,-3.3701e+01,1.8550e+01,-3.1637e+01,4.1105e-01,1.0631e+00,1.4412e+00,7.7043e+01,5.0739e-01
01634500,3.3304e-01,7.1569e-01,6.4823e-01,-3.0921e+01,1.8049e+02,-4.0931e+02,4.0043e-01,6.4823e-01,1.4865e+00,8.0641e+01,6.0642e-01
01638480,3.1976e-01,6.7670e-01,7.9665e-01,-3.3648e+01,9.9037e+01,-7.7715e+01,4.3275e-01,7.9665e-01,1.3846e+00,7.7239e+01,5.8060e-01
01639500,2.7712e-01,7.1962e-01,7.6677e-01,-3.5287e+01,1.6226e+02,-2.1802e+02,4.3387e-01,7.6677e-01,1.3542e+00,8.1606e+01,5.6699e-01
01644000,4.4651e-01,8.6195e-01,7.3170e-01,-1.5964e+01,1.2705e+02,-7.3906e+01,5.7595e-01,7.3170e-01,1.3571e+00,7.1845e+01,7.0205e-01
01658500,6.9609e-02,5.6319e-01,5.3950e-01,-4.4737e+01,3.9758e+02,8.1421e+01,1.0399e-01,5.3950e-01,2.4366e+01,9.2540e+01,3.6757e-01
01664000,4.2199e-01,8.9401e-01,7.4365e-01,-1.5560e+01,1.7197e+02,-2.2655e+02,5.8757e-01,7.4365e-01,1.1190e+00,6.9403e+01,6.9480e-01
01666500,2.8364e-01,9.2352e-01,8.8016e-01,-8.4237e+00,1.1555e+02,-1.9051e+02,5.9164e-01,8.8016e-01,1.2051e+00,7.0776e+01,6.1719e-01
01667500,4.6563e-01,9.7002e-01,6.7704e-01,-7.3443e+00,1.8089e+02,-1.1869e+02,5.8367e-01,6.7704e-01,1.1463e+00,6.6374e+01,7.3899e-01
01669000,3.6425e-01,7.0686e-01,7.3501e-01,-3.5130e+01,5.0068e+01,8.1333e+01,4.7157e-01,7.3501e-01,1.4545e+00,8.0677e+01,6.4917e-01
02011400,3.3157e-01,9.6745e-01,1.2694e+00,-1.0048e+01,3.5479e+01,-5.7857e+02,5.7036e-01,1.2694e+00,1.4390e+00,6.4363e+01,6.6689e-01
02011460,4.4123e-01,1.0110e+00,9.1961e-01,4.6266e+00,1.1165e+02,-2.4635e+02,7.1275e-01,9.1961e-01,8.9130e-01,5.7233e+01,7.2444e-01
02013000,2.8397e-01,9.0117e-01,7.3093e-01,-1.2914e+01,3.1484e+02,-3.4923e+02,5.2127e-01,7.3093e-01,1.1429e+00,7.1116e+01,6.1658e-01
02014000,4.6571e-01,9.2878e-01,8.7274e-01,-1.1430e+01,1.1361e+02,-8.6583e+02,6.8235e-01,8.7274e-01,1.2703e+00,7.1181e+01,7.1780e-01
02015700,3.3236e-01,8.9049e-01,7.8106e-01,-1.7969e+01,1.8799e+02,-1.6533e+03,5.6438e-01,7.8106e-01,4.2889e+00,7.4632e+01,6.3968e-01
02016000,5.8508e-01,1.0175e+00,8.8643e-01,-5.4359e+00,1.5906e+02,-1.2535e+03,7.6753e-01,8.8643e-01,8.8636e-01,5.9229e+01,7.9792e-01
02017500,4.9875e-01,9.5312e-01,7.7834e-01,-6.3281e+00,1.0396e+02,-8.1247e+02,6.6064e-01,7.7834e-01,1.0769e+00,5.9512e+01,7.4734e-01
02018000,6.2688e-01,9.9720e-01,8.9607e-01,-2.6962e+00,9.2899e+01,-1.0784e+03,7.8723e-01,8.9607e-01,9.2308e-01,5.2012e+01,8.1436e-01
02027000,4.0772e-01,8.1775e-01,8.9399e-01,-2.2960e+01,1.5492e+01,-5.4273e+01,6.0083e-01,8.9399e-01,1.3256e+00,6.7432e+01,6.6105e-01
02027500,4.6622e-01,8.3853e-01,8.5761e-01,-7.7876e+00,4.1782e+01,-8.1920e+01,6.3116e-01,8.5761e-01,1.0500e+00,6.3226e+01,7.0051e-01
02028500,3.7487e-01,7.2268e-01,7.4111e-01,-3.1015e+01,6.1327e+01,-8.9684e+01,4.7524e-01,7.4111e-01,1.6977e+00,7.6604e+01,6.3744e-01
02038850,3.4016e-02,3.1377e-01,6.0715e-01,-6.9664e+01,6.6354e+01,-1.5021e+02,-8.0599e-02,6.0715e-01,2.0227e+00,9.3146e+01,2.6349e-01
02046000,3.3666e-01,6.3349e-01,5.1414e-01,-3.9234e+01,2.6926e+02,1.3554e+01,2.8466e-01,5.1414e-01,1.2000e+00,8.2681e+01,6.2407e-01
02051500,4.6143e-01,9.4099e-01,8.5672e-01,-1.6953e+01,1.5929e+02,-4.1191e+02,6.7874e-01,8.5672e-01,8.0000e-01,6.1800e+01,7.1859e-01
02053200,6.0991e-01,8.5777e-01,8.3088e-01,-2.4399e+01,-3.5462e+00,-7.4119e+01,6.9376e-01,8.3088e-01,9.6970e-01,6.7783e+01,7.8799e-01
02053800,2.1889e-01,6.7312e-01,9.1197e-01,-3.9988e+01,7.4432e+01,-4.8102e+02,3.9718e-01,9.1197e-01,1.6316e+00,8.2509e+01,5.0121e-01
02055100,9.5371e-02,4.0190e-01,8.2969e-01,-4.4360e+01,6.0990e+01,-1.3651e+02,8.1290e-02,8.2969e-01,1.9143e+00,8.5131e+01,3.2376e-01
02056900,1.9326e-01,7.2028e-01,8.7919e-01,-3.1150e+01,9.2195e+01,7.4956e+00,4.1248e-01,8.7919e-01,1.6250e+00,8.3046e+01,4.9767e-01
02059500,8.9767e-02,5.1183e-01,7.8119e-01,-4.1520e+01,1.5119e+02,-1.1913e+02,1.5917e-01,7.8119e-01,1.4146e+00,8.2960e+01,3.5130e-01
02064000,1.1448e-01,7.0009e-01,6.6534e-01,-1.8639e+01,4.5691e+02,-2.1448e+02,2.8539e-01,6.6534e-01,1.3000e+00,8.0977e+01,4.4438e-01
02065500,3.1538e-01,9.9348e-01,8.9998e-01,-5.0150e+00,3.3066e+02,-4.0752e+02,6.4250e-01,8.9998e-01,7.8261e-01,6.3065e+01,6.5684e-01
02069700,1.6183e-01,6.1681e-01,8.5107e-01,-4.8796e+01,7.3671e+01,-2.1771e+01,3.1492e-01,8.5107e-01,1.7442e+00,8.2705e+01,4.5198e-01
02070000,7.9761e-03,3.8987e-01,6.4916e-01,-6.5908e+01,1.0184e+02,-5.5162e+01,-1.5972e-02,6.4916e-01,1.7857e+00,8.9425e+01,2.6730e-01
02074500,8.7391e-02,5.5594e-01,8.6182e-01,-4.8864e+01,1.5733e+02,-1.1123e+02,2.0871e-01,8.6182e-01,1.6750e+00,8.5938e+01,3.5980e-01
02077200,2.5311e-01,8.7081e-01,8.6445e-01,-5.4141e+00,3.7092e+02,8.4154e+01,5.4158e-01,8.6445e-01,9.4595e-01,6.2091e+01,5.8157e-01
02081500,6.1682e-01,1.0446e+00,1.0780e+00,4.5666e-01,1.2685e+02,-7.1251e+01,7.9692e-01,1.0780e+00,8.7179e-01,5.4275e+01,8.1789e-01
02082950,6.2066e-01,8.4676e-01,8.5087e-01,-1.8712e+01,1.6965e+02,-2.1572e+02,7.0155e-01,8.5087e-01,6.9444e-01,5.5808e+01,7.9179e-01
02092500,6.0342e-01,7.2086e-01,8.6219e-01,-2.4249e+01,-1.1550e+01,1.4717e+01,6.2012e-01,8.6219e-01,1.5714e+00,6.1912e+01,7.8229e-01
02102908,9.5596e-02,4.8916e-01,8.7196e-01,-5.6763e+01,4.0661e+00,4.0257e+01,1.7829e-01,8.7196e-01,2.0000e+00,7.9942e+01,3.6925e-01
02108000,6.7956e-01,7.2665e-01,9.3319e-01,-2.6611e+01,-1.7370e+01,2.0561e+01,6.7229e-01,9.3319e-01,1.5405e+00,6.0066e+01,8.3204e-01
02111180,2.2798e-01,7.3495e-01,8.0947e-01,-3.0012e+01,8.3061e+01,-2.2884e+02,4.2992e-01,8.0947e-01,1.3415e+00,7.7246e+01,5.3262e-01
02111500,1.4360e-01,4.9794e-01,8.7614e-01,-5.7953e+01,3.4309e+01,-1.3562e+02,2.1145e-01,8.7614e-01,1.9348e+00,8.2724e+01,4.0468e-01
02112120,1.1993e-01,4.4551e-01,8.6984e-01,-6.2064e+01,8.0895e+00,-1.2042e+02,1.5125e-01,8.6984e-01,1.8889e+00,8.4734e+01,3.7074e-01
02112360,1.4482e-01,5.6539e-01,8.6997e-01,-5.4718e+01,4.8904e+01,8.3657e+00,2.6844e-01,8.6997e-01,1.8261e+00,8.2255e+01,4.2608e-01
02118500,1.5691e-01,7.0806e-01,8.0245e-01,-4.4637e+01,1.3445e+02,-4.0267e+02,3.6942e-01,8.0245e-01,1.5263e+00,8.3282e+01,4.7714e-01
02125000,2.2002e-01,9.2527e-01,8.2160e-01,-8.7325e+00,2.7878e+02,8.6830e+01,5.4051e-01,8.2160e-01,8.0333e+01,7.5588e+01,5.8320e-01
02128000,2.7180e-01,9.9853e-01,9.4304e-01,5.2687e+00,3.9901e+02,-1.5486e+01,6.3114e-01,9.4304e-01,6.1854e+01,7.1186e+01,6.3556e-01
02137727,1.7208e-01,7.1132e-01,8.6011e-01,-3.9496e+01,5.4947e+01,-4.1863e+01,3.9409e-01,8.6011e-01,1.7381e+00,8.1224e+01,4.8598e-01
02143000,2.3458e-01,8.8957e-01,8.5401e-01,-2.4223e+01,1.7539e+02,-1.3158e+02,5.4403e-01,8.5401e-01,1.4286e+00,7.4295e+01,5.8238e-01
02143040,2.0372e-01,7.0347e-01,8.7772e-01,-4.3252e+01,4.9348e+01,-6.8480e+01,4.0766e-01,8.7772e-01,1.5319e+00,8.3754e+01,5.0203e-01
02149000,1.8489e-01,6.2789e-01,9.0245e-01,-5.2912e+01,3.4509e+01,-1.7290e+01,3.4367e-01,9.0245e-01,1.7292e+00,8.1313e+01,4.6822e-01
02152100,1.6427e-01,6.2542e-01,9.3479e-01,-4.9677e+01,5.4552e+01,-1.5462e+01,3.2795e-01,9.3479e-01,1.8864e+00,8.1063e+01,4.4585e-01
02177000,4.6567e-01,8.5249e-01,9.7209e-01,-2.5683e+01,9.2788e+00,-3.8631e+02,6.6463e-01,9.7209e-01,1.5745e+00,6.6847e+01,7.0011e-01
02178400,4.2572e-01,8.2468e-01,1.0496e+00,-2.9503e+01,7.9420e+00,-4.6822e+01,6.2507e-01,1.0496e+00,1.6383e+00,6.8188e+01,6.7232e-01
02202600,6.3303e-01,7.4340e-01,8.1447e-01,-2.8141e+01,-1.6011e+01,-2.7859e+01,6.2635e-01,8.1447e-01,1.2593e+00,6.2611e+01,8.0164e-01
02212600,2.0500e-01,1.2276e+00,1.0355e+00,2.7678e+01,4.4625e+02,7.4135e+01,6.1965e-01,1.0355e+00,1.6083e+01,6.5749e+01,6.9736e-01
02221525,4.5185e-01,1.0287e+00,8.2942e-01,-4.4282e+00,3.2244e+02,-3.1237e+01,6.8561e-01,8.2942e-01,1.0000e+00,7.2176e+01,7.3747e-01
02231000,5.6382e-01,7.6091e-01,7.7575e-01,-2.4548e+01,1.9254e+00,-1.1529e+02,5.9441e-01,7.7575e-01,8.4375e-01,5.4150e+01,7.6115e-01
02231342,4.8452e-01,8.2072e-01,8.7231e-01,-1.8249e+01,-2.0599e+00,4.6058e+01,6.3457e-01,8.7231e-01,1.0000e+00,6.3744e+01,7.0829e-01
02245500,3.7893e-01,1.0461e+00,9.4508e-01,-2.6033e+00,7.5155e+01,-3.8391e+02,6.9596e-01,9.4508e-01,8.9474e-01,6.8448e+01,7.0453e-01
02246000,5.9722e-01,9.2387e-01,7.9731e-01,-1.3019e+01,7.5946e+01,-1.7819e+02,6.9809e-01,7.9731e-01,6.4865e-01,6.1517e+01,7.8960e-01
02296500,5.3411e-01,6.8442e-01,7.1762e-01,-3.4712e+01,-2.2752e+00,4.1478e+01,5.0611e-01,7.1762e-01,1.1562e+00,6.2151e+01,7.4583e-01
02297155,3.2391e-01,7.9927e-01,4.5015e-01,-2.8160e+01,1.0312e+02,3.3932e+01,3.0527e-01,4.5015e-01,1.8387e+00,8.4411e+01,6.2581e-01
02297310,5.4374e-01,7.3849e-01,7.7127e-01,-3.3037e+01,9.8462e+00,5.6641e+01,5.6854e-01,7.7127e-01,1.3103e+00,6.2627e+01,7.4417e-01
02298123,6.6195e-01,8.8649e-01,9.6935e-01,-1.1521e+01,-4.2795e+00,3.0423e+01,7.8230e-01,9.6935e-01,1.1481e+00,4.5377e+01,8.1678e-01
02298608,6.8719e-01,8.5444e-01,9.1943e-01,-1.6428e+01,2.0655e+00,6.3122e+01,7.6218e-01,9.1943e-01,9.4286e-01,5.1192e+01,8.3007e-01
02299950,5.2068e-01,9.6448e-01,8.6819e-01,-6.2951e+00,7.5276e+01,-9.9967e+01,7.1816e-01,8.6819e-01,6.6667e-01,6.0304e+01,7.5343e-01
02300700,5.6414e-01,9.0989e-01,9.8550e-01,-1.2032e+01,1.2673e+02,4.6519e+01,7.4787e-01,9.8550e-01,7.4359e-01,5.0802e+01,7.6496e-01
02312200,4.1190e-01,6.5242e-01,5.9485e-01,-2.9932e+01,-2.1195e+01,5.2651e+01,3.7316e-01,5.9485e-01,1.8333e+00,7.2524e+01,6.7141e-01
02314500,6.4822e-01,7.1871e-01,7.9567e-01,-2.3425e+01,-4.0139e+01,5.4306e+00,6.0938e-01,7.9567e-01,2.1667e+00,5.3723e+01,8.2192e-01
02315500,6.0291e-01,6.8039e-01,7.2307e-01,-2.7888e+01,-1.8736e+01,-4.9518e+01,5.3403e-01,7.2307e-01,1.8846e+00,5.4242e+01,8.0434e-01
02324400,4.4474e-01,7.1597e-01,9.2150e-01,-3.1250e+01,-3.3970e+01,-2.2261e+02,5.5758e-01,9.2150e-01,1.3871e+00,5.8934e+01,6.7000e-01
02327100,6.0150e-01,7.8056e-01,1.1233e+00,-2.2106e+01,-5.1683e+01,-7.5930e+01,6.6442e-01,1.1233e+00,7.5000e-01,5.3446e+01,7.7806e-01
02342933,-1.0461e-03,5.5229e-01,3.7754e-01,-4.5423e+01,3.7031e+02,8.5418e+01,-3.7707e-02,3.7754e-01,1.5408e+02,9.4606e+01,3.0076e-01
02349900,5.2161e-01,8.9003e-01,7.8871e-01,-1.2997e+01,1.3889e+02,-8.8977e+02,6.4896e-01,7.8871e-01,1.2581e+00,7.2554e+01,7.4214e-01
02361000,6.3320e-01,7.5599e-01,5.8770e-01,-2.6307e+01,1.0191e+02,-1.5243e+02,4.9020e-01,5.8770e-01,1.3714e+00,7.4939e+01,8.2574e-01
02369800,2.3853e-01,6.9681e-01,9.9829e-01,-2.8295e+01,3.7107e+01,-1.4173e+02,4.3190e-01,9.9829e-01,1.3143e+00,6.7064e+01,5.1957e-01
02371500,4.4837e-01,7.1433e-01,8.4737e-01,-3.3766e+01,3.2569e+00,-5.3718e+01,5.4257e-01,8.4737e-01,1.9355e+00,6.3525e+01,6.7698e-01
02372250,3.4276e-01,7.0773e-01,8.8916e-01,-2.5017e+01,3.2147e+01,-1.2524e+02,4.9112e-01,8.8916e-01,1.6452e+00,5.8425e+01,5.9844e-01
02374500,1.3105e-01,6.8312e-01,8.8154e-01,-3.8354e+01,2.9700e+01,-8.4388e+01,3.4988e-01,8.8154e-01,1.3636e+00,7.2638e+01,4.4484e-01
02381600,2.2917e-01,6.3929e-01,8.3503e-01,-5.1188e+01,6.0822e+01,-2.8319e+02,3.6826e-01,8.3503e-01,2.1000e+00,8.5450e+01,5.0830e-01
02395120,1.6873e-01,6.9567e-01,6.8469e-01,-3.3905e+01,2.0539e+02,-2.8525e+02,3.2522e-01,6.8469e-01,1.7097e+00,8.1600e+01,4.8688e-01
02408540,2.5237e-01,7.8563e-01,8.2635e-01,-2.2972e+01,1.2334e+02,-3.3901e+01,4.7933e-01,8.2635e-01,1.5135e+00,7.3411e+01,5.5843e-01
02422500,2.7412e-01,7.0130e-01,7.8792e-01,-3.5906e+01,6.6989e+01,-1.7768e+02,4.2531e-01,7.8792e-01,1.7692e+00,8.3983e+01,5.5720e-01
02430085,1.5046e-01,6.5304e-01,9.8021e-01,-4.0545e+01,3.4631e+01,-1.5201e+02,3.4245e-01,9.8021e-01,1.8571e+00,8.6912e+01,4.4179e-01
02430615,7.3295e-02,5.0981e-01,8.0898e-01,-5.3757e+01,6.0768e+01,-2.2293e+02,1.5226e-01,8.0898e-01,2.0909e+00,9.0042e+01,3.3525e-01
02450250,5.8968e-01,1.0740e+00,1.1216e+00,8.4949e+00,9.1062e+01,-2.1316e+02,7.6452e-01,1.1216e+00,8.3333e-01,5.4773e+01,8.1241e-01
02464000,6.6124e-01,9.4287e-01,8.1729e-01,-6.9149e+00,1.5585e+02,-7.6495e+01,7.4091e-01,8.1729e-01,1.0500e+00,6.3910e+01,8.2541e-01
02465493,-4.3088e-03,7.5449e-01,6.9992e-01,-3.1928e+01,1.5378e+02,-3.3124e+02,2.8715e-01,6.9992e-01,1.8333e+00,8.4012e+01,4.0181e-01
02469800,3.4400e-01,8.6929e-01,7.6763e-01,-1.4572e+01,1.4953e+02,-2.1416e+02,5.5148e-01,7.6763e-01,1.3333e+00,7.1343e+01,6.3932e-01
02472000,6.3936e-01,8.3631e-01,8.1906e-01,-2.2678e+01,1.1394e+02,-3.6046e+02,6.8776e-01,8.1906e-01,1.0606e+00,6.0175e+01,8.0516e-01
02472500,4.9753e-01,1.1109e+00,8.6758e-01,1.7319e+00,3.6158e+02,-6.2819e+02,7.2163e-01,8.6758e-01,1.0857e+00,6.0959e+01,7.8169e-01
02479155,4.2078e-01,9.9009e-01,9.0352e-01,-4.2964e+00,1.5664e+02,-4.8337e+02,6.9249e-01,9.0352e-01,8.2927e-01,6.5289e+01,7.0818e-01
02479300,6.2674e-01,8.7051e-01,9.5262e-01,-1.4407e+01,3.4624e+01,-3.5785e+02,7.5357e-01,9.5262e-01,8.6364e-01,5.5181e+01,7.9576e-01
02479560,7.1190e-01,8.5460e-01,9.8425e-01,-2.1251e+01,4.7328e+00,-8.3281e+01,7.8608e-01,9.8425e-01,9.0244e-01,5.4172e+01,8.4388e-01
02481000,6.4968e-01,9.2735e-01,8.1312e-01,-5.6129e+00,9.3150e+01,-3.0313e+02,7.2869e-01,8.1312e-01,6.8293e-01,5.0515e+01,8.1723e-01
02481510,6.2220e-01,9.1695e-01,8.6685e-01,-1.2573e+01,5.3376e+01,-1.5560e+02,7.4620e-01,8.6685e-01,1.1556e+00,6.2923e+01,8.0052e-01
03010655,6.4286e-01,9.1621e-01,9.5208e-01,-1.1316e+01,2.0848e+00,-2.3581e+02,7.8645e-01,9.5208e-01,6.4865e-01,4.4143e+01,8.0951e-01
03011800,5.1548e-01,8.1115e-01,1.0103e+00,-2.2877e+01,-8.0320e+00,-9.8082e+01,6.6489e-01,1.0103e+00,1.2857e+00,6.1523e+01,7.2336e-01
03015500,6.0659e-01,9.2524e-01,8.7198e-01,-7.9426e+00,2.6695e+01,-4.5094e+02,7.4725e-01,8.7198e-01,8.4783e-01,5.3451e+01,7.9530e-01
03021350,5.1128e-01,9.1194e-01,8.4120e-01,-8.0739e+00,2.5588e+01,-2.7320e+02,6.8406e-01,8.4120e-01,6.1224e-01,5.0080e+01,7.4145e-01
03026500,4.6234e-01,7.9637e-01,1.0179e+00,-2.0718e+01,-6.9130e+00,-1.2021e+02,6.2747e-01,1.0179e+00,1.1591e+00,6.6509e+01,6.8856e-01
03028000,5.5586e-01,8.3666e-01,8.9236e-01,-1.6231e+01,4.0547e+00,-3.3890e+02,6.8625e-01,8.9236e-01,1.2826e+00,6.4563e+01,7.5469e-01
03049000,4.8479e-01,8.9564e-01,9.1938e-01,-1.3864e+01,3.4364e+01,-4.8069e+02,6.9059e-01,9.1938e-01,1.2222e+00,6.1958e+01,7.2010e-01
03049800,1.6661e-01,5.5899e-01,9.0276e-01,-4.6402e+01,2.5515e+01,-4.5768e+01,2.7328e-01,9.0276e-01,2.0000e+00,8.3214e+01,4.3064e-01
03069500,6.7270e-01,1.0570e+00,9.6834e-01,9.0309e+00,6.2391e+00,-2.7435e+02,8.3362e-01,9.6834e-01,2.4490e-01,3.8256e+01,8.4693e-01
03070500,6.2193e-01,9.9921e-01,9.3848e-01,-4.3744e-01,1.2404e+01,-3.6824e+02,8.0192e-01,9.3848e-01,8.0000e-01,4.5163e+01,8.1172e-01
03076600,5.7419e-01,8.9682e-01,9.1596e-01,-9.4747e+00,1.4900e+01,-3.4896e+02,7.3466e-01,9.1596e-01,8.8095e-01,4.9602e+01,7.7044e-01
03078000,4.9013e-01,8.2083e-01,8.9317e-01,-1.9623e+01,-3.3803e+00,-1.2630e+02,6.4487e-01,8.9317e-01,1.0238e+00,5.8195e+01,7.1259e-01
03140000,3.2948e-01,7.5869e-01,8.0208e-01,-2.9167e+01,1.0384e+02,-2.1510e+02,4.9575e-01,8.0208e-01,1.3261e+00,8.5278e+01,6.0393e-01
03144000,6.0384e-01,1.0144e+00,8.2729e-01,7.3023e-01,2.1423e+02,-2.3216e+02,7.4143e-01,8.2729e-01,7.0270e-01,4.6572e+01,8.0811e-01
03164000,4.1140e-01,9.8286e-01,1.0858e+00,-1.3123e+01,3.9782e+01,-1.1729e+02,6.9136e-01,1.0858e+00,1.0682e+00,5.6477e+01,7.0403e-01
03165000,1.6036e-01,5.4529e-01,9.6284e-01,-5.3349e+01,3.4686e+01,-4.8319e+01,2.6240e-01,9.6284e-01,1.8367e+00,8.2367e+01,4.2043e-01
03170000,1.3270e-01,8.6259e-01,1.0179e+00,-3.2720e+01,6.1570e+01,-4.1287e+02,4.8920e-01,1.0179e+00,1.5745e+00,7.5936e+01,5.0836e-01
03173000,5.7858e-01,9.9545e-01,8.7027e-01,-1.8614e+00,1.3093e+02,-8.2754e+02,7.5414e-01,8.7027e-01,1.0769e+00,5.8381e+01,7.9120e-01
03180500,5.9759e-01,9.6300e-01,1.0105e+00,-7.8829e-01,4.5817e+00,-2.1953e+02,7.8827e-01,1.0105e+00,6.1905e-01,4.2316e+01,7.9179e-01
03182500,6.9697e-01,1.0299e+00,1.0583e+00,-1.0314e+00,1.7524e+01,-4.1032e+02,8.3979e-01,1.0583e+00,8.1395e-01,4.2102e+01,8.5382e-01
03186500,5.2750e-01,9.4923e-01,9.3494e-01,-4.3925e+00,-1.8824e-01,-1.0993e+02,7.4006e-01,9.3494e-01,7.0213e-01,4.7723e+01,7.5351e-01
03213700,5.5899e-01,9.2544e-01,1.0460e+00,-1.4956e+01,5.2876e+01,-4.6443e+02,7.4943e-01,1.0460e+00,7.3684e-01,5.3169e+01,7.6524e-01
03237280,1.8516e-01,7.2081e-01,9.3041e-01,-3.5372e+01,3.1122e+01,6.6885e+00,4.1382e-01,9.3041e-01,4.5366e+00,7.9292e+01,4.8930e-01
03237500,5.7354e-01,1.0106e+00,8.7187e-01,6.7105e-01,2.9125e+02,7.5611e+01,7.5380e-01,8.7187e-01,7.0000e-01,6.0180e+01,7.9003e-01
03238500,6.3840e-01,1.0402e+00,9.5447e-01,3.5785e+00,3.5054e+02,9.5144e+01,8.1671e-01,9.5447e-01,1.6872e+02,4.1333e+01,8.2707e-01
03241500,5.5470e-01,9.5489e-01,8.4476e-01,-7.7987e+00,1.6553e+02,-2.4717e+02,7.2008e-01,8.4476e-01,9.7368e-01,5.6753e+01,7.7148e-01
03280700,3.0643e-01,8.3141e-01,1.1146e+00,-1.8238e+01,3.6627e+01,-1.2992e+02,5.5226e-01,1.1146e+00,1.3333e+00,6.9817e+01,6.0135e-01
03281500,7.3248e-01,9.4466e-01,9.7137e-01,-7.0464e+00,9.5841e+01,-2.0942e+01,8.4688e-01,9.7137e-01,6.6667e-01,4.0111e+01,8.6013e-01
03285000,7.1247e-01,1.0155e+00,9.6260e-01,2.8297e+00,8.8511e+01,4.2201e+01,8.5297e-01,9.6260e-01,5.9524e-01,5.1447e+01,8.5865e-01
03291780,3.4188e-01,9.7366e-01,9.2953e-01,-4.0084e+00,2.0880e+02,7.6012e+01,6.5440e-01,9.2953e-01,1.2940e+02,6.2310e+01,6.6269e-01
03340800,4.6969e-01,8.3611e-01,6.9759e-01,-1.5539e+01,4.8055e+02,6.9314e+01,5.4740e-01,6.9759e-01,2.0275e+02,6.7997e+01,7.0583e-01
03346000,7.5035e-01,8.8911e-01,9.0717e-01,-9.2748e+00,1.7210e+02,6.4760e+01,8.0359e-01,9.0717e-01,5.6410e-01,5.0422e+01,8.6710e-01
03357350,3.4202e-01,1.0718e+00,8.9218e-01,1.0934e+01,3.3124e+02,9.4507e+01,6.6955e-01,8.9218e-01,1.0000e+00,6.5200e+01,6.9600e-01
03364500,5.4925e-01,1.0037e+00,9.0810e-01,-6.8145e+00,1.3093e+02,4.0556e+01,7.5800e-01,9.0810e-01,1.0000e+00,5.9180e+01,7.7616e-01
03366500,7.0340e-01,1.0422e+00,9.7121e-01,5.3145e+00,2.1950e+02,4.5512e+01,8.4966e-01,9.7121e-01,5.1220e-01,4.6202e+01,8.5860e-01
03368000,3.3923e-01,9.0940e-01,8.8054e-01,-7.9757e+00,4.2119e+02,9.9677e+01,6.1172e-01,8.8054e-01,9.2857e-01,6.1546e+01,6.4183e-01
03384450,3.3646e-01,9.6839e-01,9.3385e-01,-4.5629e+00,2.8159e+02,9.6203e+01,6.5035e-01,9.3385e-01,1.9078e+02,6.3083e+01,6.5812e-01
03439000,3.7834e-01,7.3139e-01,1.0413e+00,-3.7874e+01,5.1517e+00,-5.2861e+01,5.3748e-01,1.0413e+00,1.5833e+00,7.2540e+01,6.2575e-01
03455500,1.8130e-01,6.4038e-01,1.1388e+00,-4.5513e+01,-1.1798e+01,-2.2316e+02,3.4553e-01,1.1388e+00,1.7500e+00,7.8945e+01,4.7111e-01
03456500,3.3555e-01,7.6839e-01,1.0726e+00,-2.8038e+01,-3.5572e+00,-1.2115e+02,5.3608e-01,1.0726e+00,1.4545e+00,7.0963e+01,6.0465e-01
03460000,3.7416e-01,9.7373e-01,1.2504e+00,-1.6448e+01,3.4400e-01,-3.9216e+02,6.1490e-01,1.2504e+00,1.4634e+00,6.1624e+01,7.0861e-01
03463300,4.2948e-01,8.8572e-01,1.0223e+00,-6.0926e+00,4.9025e+00,-1.6734e+01,6.6458e-01,1.0223e+00,1.1304e+00,5.6003e+01,6.8544e-01
03471500,4.3872e-01,9.1665e-01,8.7984e-01,-1.4690e+01,7.9191e+01,-2.7563e+02,6.6791e-01,8.7984e-01,1.0250e+00,5.9429e+01,7.0184e-01
03473000,4.7398e-01,9.8000e-01,8.7306e-01,-1.0809e+01,8.0191e+01,-2.4801e+02,7.0784e-01,8.7306e-01,1.0000e+00,5.6515e+01,7.3762e-01
03479000,2.5991e-01,9.1614e-01,1.0177e+00,-5.8328e+00,4.3973e+01,-2.2756e+02,5.9090e-01,1.0177e+00,1.5122e+00,6.7541e+01,5.9998e-01
03488000,5.6970e-01,9.2618e-01,8.9765e-01,-1.3990e+01,7.2457e+01,-5.0978e+02,7.4026e-01,8.9765e-01,1.1000e+00,5.0576e+01,7.7297e-01
03498500,5.0141e-01,1.0189e+00,1.0973e+00,-3.0430e+00,4.7576e+01,-4.0176e+02,7.3802e-01,1.0973e+00,1.0513e+00,5.2942e+01,7.5751e-01
03500000,4.1312e-01,9.2893e-01,1.1070e+00,-2.3667e+01,1.1556e+01,-3.0295e+02,6.6919e-01,1.1070e+00,1.7045e+00,6.1916e+01,6.9516e-01
03500240,3.2351e-01,8.3421e-01,1.0912e+00,-3.2889e+01,1.3107e+01,-7.2391e+02,5.7213e-01,1.0912e+00,1.9111e+00,7.0708e+01,6.1626e-01
03504000,5.2991e-01,8.6151e-01,1.0553e+00,-2.0708e+01,-6.7770e+00,-1.5102e+01,7.0107e-01,1.0553e+00,1.6383e+00,6.1185e+01,7.4093e-01
03574500,7.5715e-01,8.0203e-01,8.9965e-01,-1.8515e+01,5.2090e+01,-2.5736e+02,7.4490e-01,8.9965e-01,4.7368e-01,4.5016e+01,8.7425e-01
03592718,2.7587e-01,8.0411e-01,8.0866e-01,-1.5842e+01,1.9596e+02,-5.0031e+02,4.9567e-01,8.0866e-01,1.6905e+00,7.9256e+01,5.7648e-01
03604000,4.9822e-01,8.9436e-01,9.1859e-01,-9.1496e+00,2.0649e+02,-7.2777e+02,6.9582e-01,9.1859e-01,8.9189e-01,5.8136e+01,7.2661e-01
04015330,5.3123e-01,8.8179e-01,8.9134e-01,-1.0379e+01,1.8773e+01,-2.9819e+01,6.9743e-01,8.9134e-01,8.1081e-01,5.5866e+01,7.4355e-01
04024430,5.3201e-01,8.7696e-01,7.6463e-01,-1.4064e+01,2.9754e+01,-5.0486e+02,6.3796e-01,7.6463e-01,5.5000e-01,5.2447e+01,7.5395e-01
04027000,6.4706e-01,8.7033e-01,8.7212e-01,-1.4947e+01,3.0649e+01,-2.9358e+02,7.3750e-01,8.7212e-01,1.0256e+00,5.0763e+01,8.1096e-01
04040500,7.1437e-01,8.8924e-01,9.3626e-01,-7.1569e+00,-3.1275e+00,-3.8257e+01,8.0097e-01,9.3626e-01,1.0000e+00,4.2362e+01,8.4741e-01
04043050,6.1070e-01,9.5793e-01,9.5462e-01,-3.9683e+00,2.3828e+01,-8.0233e+01,7.8890e-01,9.5462e-01,1.0811e+00,5.1211e+01,7.9818e-01
04045500,5.9242e-01,9.6841e-01,9.8586e-01,-5.8750e-01,3.6068e-01,-1.1346e+02,7.8736e-01,9.8586e-01,2.0270e+00,3.8785e+01,7.9019e-01
04056500,6.8543e-01,8.7862e-01,8.8913e-01,-1.1847e+01,1.6525e+01,-1.1649e+02,7.6982e-01,8.8913e-01,2.0303e+00,3.4844e+01,8.3889e-01
04057510,6.6438e-01,9.2865e-01,9.3444e-01,-9.6801e+00,1.9825e+01,-1.1528e+02,7.9949e-01,9.3444e-01,5.1220e-01,4.4360e+01,8.2446e-01
04057800,7.2638e-01,8.6615e-01,9.0563e-01,-1.1143e+01,1.8454e+00,-1.5344e+02,7.8106e-01,9.0563e-01,1.1143e+00,5.0263e+01,8.5470e-01
04059500,7.0843e-01,9.1654e-01,8.4706e-01,-8.6088e+00,5.6512e+00,-1.0645e+02,7.7120e-01,8.4706e-01,7.5000e-01,5.0933e+01,8.5170e-01
04063700,4.9131e-01,1.0230e+00,1.1057e+00,-1.7142e+00,1.5208e+01,-2.5186e+00,7.3362e-01,1.1057e+00,8.9189e-01,3.6887e+01,7.5658e-01
04074950,2.4145e-01,1.0267e+00,9.4897e-01,-1.5899e+01,3.7191e+01,-1.8861e+02,6.3069e-01,9.4897e-01,7.6316e-01,4.2715e+01,6.3521e-01
04105700,3.3132e-01,7.5240e-01,9.2067e-01,-2.9194e+01,-1.4815e+01,1.3333e+01,5.4304e-01,9.2067e-01,1.0385e+00,4.7957e+01,6.2422e-01
04122200,3.7271e-01,8.5437e-01,9.0717e-01,-2.3533e+01,1.1814e+01,-2.4627e+02,6.2621e-01,9.0717e-01,1.0682e+00,4.6793e+01,6.6850e-01
04122500,4.3022e-01,9.5401e-01,9.2216e-01,-1.1806e+01,1.4568e+01,-1.5785e+02,7.0637e-01,9.2216e-01,1.3250e+00,3.9060e+01,7.2063e-01
04124000,2.1916e-01,1.1766e+00,9.6020e-01,-5.5076e+00,4.5972e+01,-1.5282e+02,6.4099e-01,9.6020e-01,1.0976e+00,3.1975e+01,6.8998e-01
04127918,5.3111e-01,9.4244e-01,1.0988e+00,-1.0595e+01,2.1730e+01,-5.5370e+02,7.3027e-01,1.0988e+00,1.1944e+00,5.3994e+01,7.5569e-01
04127997,-3.3963e-01,1.3646e+00,1.0771e+00,2.6838e-01,1.0068e+02,-6.3975e+01,4.4070e-01,1.0771e+00,1.5417e+00,4.2520e+01,5.8290e-01
04161580,1.9063e-01,8.0325e-01,6.3799e-01,-3.0585e+01,8.9186e+01,-2.7093e+02,4.3047e-01,6.3799e-01,1.2093e+00,7.4598e+01,6.0681e-01
04185000,6.5745e-01,7.9698e-01,8.4538e-01,-2.0376e+01,2.0504e+01,-1.2698e+02,6.8586e-01,8.4538e-01,8.8095e-01,4.9380e+01,8.1681e-01
04196800,6.3500e-01,8.3762e-01,9.6202e-01,-1.7172e+01,3.3976e+01,-4.3924e+01,7.3808e-01,9.6202e-01,9.2105e-01,5.3953e+01,7.9803e-01
04197100,5.8072e-01,8.9217e-01,1.0206e+00,-1.1686e+01,4.1021e+01,-1.3319e+02,7.4657e-01,1.0206e+00,6.7500e-01,5.1744e+01,7.7159e-01
04213000,6.3488e-01,9.0584e-01,8.9728e-01,-7.6832e+00,3.4622e+01,-3.0233e+02,7.6033e-01,8.9728e-01,3.9130e-01,4.3602e+01,8.0500e-01
04216418,3.3427e-01,7.9891e-01,8.7183e-01,-2.5249e+01,4.4275e+01,-4.0319e+02,5.4518e-01,8.7183e-01,1.3864e+00,6.6429e+01,6.1270e-01
04221000,4.5515e-01,7.9309e-01,1.0599e+00,-2.4858e+01,-1.6291e+01,-2.1097e+02,6.1789e-01,1.0599e+00,1.2105e+00,6.4489e+01,6.8439e-01
04224775,3.8624e-01,7.3929e-01,8.4024e-01,-3.3250e+01,7.2859e+01,-1.0807e+03,5.2576e-01,8.4024e-01,1.9512e+00,7.2702e+01,6.3750e-01
04233000,3.5669e-01,7.0350e-01,1.0021e+00,-3.3490e+01,-6.2885e+00,-1.9790e+02,5.0631e-01,1.0021e+00,1.4103e+00,7.3510e+01,6.0526e-01
04256000,7.2321e-01,1.0178e+00,9.4964e-01,1.6736e+00,2.9112e+01,-2.9741e+02,8.5480e-01,9.4964e-01,3.9130e-01,3.3743e+01,8.6498e-01
04296000,5.9599e-01,9.2421e-01,1.2662e+00,-5.3126e+00,-2.2449e+01,-3.4941e+02,6.6383e-01,1.2662e+00,1.1778e+00,3.7834e+01,8.0922e-01
05056000,-7.4225e-03,1.7549e-01,3.6255e-01,-8.3250e+01,-2.5564e+01,7.0016e+01,-3.0409e-01,3.6255e-01,1.9524e+00,9.3744e+01,2.1610e-01
05057000,8.1082e-02,2.5134e-01,4.7973e-01,-7.7116e+01,-2.6736e+01,8.2779e+01,-1.0096e-01,4.7973e-01,2.0952e+00,9.2251e+01,3.8280e-01
05057200,-1.7136e-02,1.3736e-01,1.2210e-01,-8.5770e+01,1.0693e+02,5.6994e+01,-4.6128e-01,1.2210e-01,2.0000e+00,9.7271e+01,2.1230e-01
05120500,1.0506e-01,4.6884e-01,5.3140e-01,-5.6101e+01,-1.5934e+01,5.3242e+01,5.6285e-02,5.3140e-01,2.3125e+00,8.5512e+01,3.7640e-01
05123400,2.0712e-01,3.6329e-01,4.3329e-01,-6.1997e+01,-7.6031e+01,-4.9701e+11,1.2133e-02,4.3329e-01,2.0000e+00,9.5501e+01,5.0067e-01
05129115,4.0078e-01,8.2669e-01,8.7738e-01,-1.2971e+01,-9.6463e+00,3.3318e+00,6.0600e-01,8.7738e-01,1.4000e+00,5.8204e+01,6.6809e-01
05131500,5.6652e-01,8.5558e-01,8.6000e-01,-1.4380e+01,-1.0683e+01,-6.2851e+01,6.9014e-01,8.6000e-01,1.3438e+00,5.9450e+01,7.6430e-01
05291000,1.5090e-01,6.7172e-01,5.0124e-01,-3.2260e+01,2.2286e+02,-3.1150e+00,1.9792e-01,5.0124e-01,1.4286e+00,9.0453e+01,4.6446e-01
05362000,6.9548e-01,8.3321e-01,7.4188e-01,-1.8875e+01,4.2007e+01,-6.3047e+02,6.5576e-01,7.4188e-01,9.1176e-01,5.0636e+01,8.4490e-01
05393500,7.5012e-01,9.4039e-01,8.6482e-01,-7.1013e+00,3.5580e+01,-2.3044e+02,8.0421e-01,8.6482e-01,4.4444e-01,3.5656e+01,8.7153e-01
05399500,4.1552e-01,8.4084e-01,9.7384e-01,-1.6224e+01,4.8182e+01,-3.8840e+02,6.3049e-01,9.7384e-01,8.3333e-01,6.1724e+01,6.6755e-01
05408000,-1.0399e-01,5.7464e-01,8.3649e-01,-5.9650e+01,4.9974e+01,-4.8645e+02,1.0698e-01,8.3649e-01,1.6364e+00,7.7415e+01,2.3201e-01
05412500,5.0276e-01,8.2608e-01,8.0193e-01,-2.2374e+01,4.5980e+01,-1.1888e+02,6.2270e-01,8.0193e-01,1.1471e+00,6.7132e+01,7.3004e-01
05413500,4.0414e-02,7.0417e-01,9.3836e-01,-3.2504e+01,3.8208e+01,-2.8716e+02,3.1336e-01,9.3836e-01,1.6500e+00,7.8652e+01,3.8343e-01
05414000,1.3917e-01,7.0793e-01,8.4130e-01,-3.7553e+01,5.8180e+01,-2.0285e+02,3.7105e-01,8.4130e-01,1.8108e+00,7.7840e+01,4.6606e-01
05444000,1.2080e-01,5.6519e-01,8.1099e-01,-5.1289e+01,9.2845e+01,-2.9952e+02,2.3755e-01,8.1099e-01,1.8000e+00,8.0441e+01,4.0288e-01
05454000,1.1389e-01,6.0729e-01,8.2615e-01,-3.7072e+01,3.6358e+01,1.2719e+01,2.6203e-01,8.2615e-01,1.6000e+00,8.9518e+01,3.9988e-01
05458000,3.8102e-01,8.7278e-01,6.1674e-01,-2.6903e+01,1.2231e+02,-2.1335e+02,4.8269e-01,6.1674e-01,5.9677e+00,7.4947e+01,6.7668e-01
05466500,5.3224e-01,7.6212e-01,7.8191e-01,-3.0344e+01,6.5416e+01,-7.4111e+01,5.8609e-01,7.8191e-01,1.1842e+00,6.7649e+01,7.4083e-01
05487980,6.0225e-01,8.3429e-01,7.4162e-01,-1.5739e+01,2.4369e+02,7.0903e+01,6.2304e-01,7.4162e-01,9.9697e+00,6.5258e+01,7.8120e-01
05489000,3.4195e-01,6.8733e-01,7.1556e-01,-2.9645e+01,2.0743e+02,6.9985e+01,4.1555e-01,7.1556e-01,1.2105e+00,7.6218e+01,5.9637e-01
05495000,6.8674e-01,8.6965e-01,8.7888e-01,-1.2378e+01,1.2422e+02,-2.8472e-01,7.5433e-01,8.7888e-01,8.0000e-01,4.9517e+01,8.3062e-01
05495500,5.4556e-01,8.7813e-01,8.6588e-01,-1.4094e+01,2.6747e+02,8.7308e+01,6.9162e-01,8.6588e-01,9.3975e+01,6.3996e+01,7.5048e-01
05501000,5.8674e-01,9.7771e-01,9.7826e-01,-3.3028e+00,2.4426e+02,3.2534e+01,7.8665e-01,9.7826e-01,5.6757e-01,6.3432e+01,7.8893e-01
05503800,6.3610e-01,9.5209e-01,9.6355e-01,-5.1270e+00,2.4115e+02,9.9723e+01,8.0082e-01,9.6355e-01,4.5946e-01,5.3299e+01,8.1014e-01
05507600,4.2839e-01,8.9121e-01,9.3216e-01,-1.4208e+01,3.2742e+02,1.0000e+02,6.6089e-01,9.3216e-01,2.2963e+02,7.3273e+01,6.8606e-01
05508805,5.0595e-01,9.8484e-01,1.1654e+00,-5.8550e-01,1.8907e+02,-1.6560e+00,6.9993e-01,1.1654e+00,7.2500e-01,6.1499e+01,7.5009e-01
05514500,6.8137e-01,9.3244e-01,7.8814e-01,-1.0693e+01,3.6827e+02,8.4814e+01,7.2203e-01,7.8814e-01,8.9176e+01,5.9521e+01,8.3321e-01
05525500,7.4390e-01,9.0345e-01,8.9352e-01,-1.0192e+01,1.6912e+01,-4.0833e+02,8.0285e-01,8.9352e-01,3.3333e-01,4.2962e+01,8.6507e-01
05556500,2.5975e-01,6.6614e-01,5.7286e-01,-3.3128e+01,1.7003e+02,-9.8629e+01,3.0287e-01,5.7286e-01,7.2424e+00,7.9753e+01,5.6172e-01
05584500,6.6988e-01,8.0690e-01,8.3228e-01,-2.2307e+01,8.5455e+01,2.1024e+01,6.8793e-01,8.3228e-01,6.0000e-01,6.4067e+01,8.2121e-01
05585000,6.1155e-01,7.4756e-01,8.5975e-01,-2.9132e+01,3.7330e+01,-3.0812e+01,6.4039e-01,8.5975e-01,1.0882e+00,6.5816e+01,7.8571e-01
05591550,4.2260e-01,9.1699e-01,9.3249e-01,-9.7842e+00,9.7761e+01,-1.4043e+01,6.7143e-01,9.3249e-01,1.1622e+00,6.3904e+01,6.8934e-01
05592050,5.5416e-01,9.3526e-01,6.9268e-01,-1.0146e+01,3.6086e+02,1.0000e+02,6.0983e-01,6.9268e-01,3.2509e+02,6.0508e+01,7.6849e-01
05593575,7.3393e-01,9.0745e-01,9.6552e-01,-9.0208e+00,2.9225e+02,9.0684e+01,8.2716e-01,9.6552e-01,7.0270e-01,4.8969e+01,8.5816e-01
05593900,4.7215e-01,9.9699e-01,1.0466e+00,-2.9629e+00,3.3848e+02,9.3369e+01,7.3126e-01,1.0466e+00,1.8343e+01,5.2779e+01,7.3536e-01
05595730,7.2706e-01,8.0502e-01,8.6544e-01,-1.6740e+01,2.7301e+02,1.0000e+02,7.2203e-01,8.6544e-01,1.0065e+02,6.1373e+01,8.5460e-01
06191500,8.3038e-01,9.0467e-01,1.1771e+00,4.9361e+00,-3.8675e+01,1.9463e+01,7.8465e-01,1.1771e+00,2.0500e+00,2.9621e+01,9.2293e-01
06224000,7.1813e-01,8.6105e-01,9.6665e-01,-1.1474e+01,1.4639e+02,-1.7062e+01,7.9124e-01,9.6665e-01,1.8000e+00,4.4784e+01,8.4782e-01
06278300,5.3637e-01,6.5460e-01,1.0314e+00,-3.0415e+01,-4.0559e+01,2.3661e+01,5.6481e-01,1.0314e+00,1.4500e+00,5.3974e+01,7.3713e-01
06280300,6.2483e-01,7.1244e-01,1.0205e+00,-1.3321e+01,-4.5653e+01,3.4286e+01,6.4618e-01,1.0205e+00,2.2000e+00,5.7951e+01,7.9487e-01
06289000,6.7669e-01,8.2336e-01,9.6838e-01,-2.0853e+01,1.7032e+01,4.5839e+01,7.4801e-01,9.6838e-01,2.4000e+00,4.6069e+01,8.2309e-01
06311000,6.1814e-01,7.1606e-01,1.0019e+00,-2.6202e+01,-2.4343e+01,-8.8313e+01,6.4663e-01,1.0019e+00,1.8000e+00,6.2448e+01,7.8966e-01
06332515,-1.7409e-03,8.1773e-02,4.5238e-01,-9.2930e+01,5.3849e+00,7.4306e+01,-4.1392e-01,4.5238e-01,1.6522e+00,9.7095e+01,7.4714e-02
06339100,4.4848e-03,1.1653e-01,5.6018e-01,-8.7824e+01,-8.3942e+00,7.3845e+01,-3.3486e-01,5.6018e-01,1.2800e+00,9.5203e+01,1.0117e-01
06339500,7.1917e-04,7.9928e-02,3.1957e-01,-9.3687e+01,7.8258e+00,8.3277e+01,-3.9797e-01,3.1957e-01,1.5652e+00,9.5897e+01,1.9700e-01
06344600,1.1322e-02,1.1166e-01,6.0334e-01,-9.0521e+01,-1.8913e+01,8.4849e+01,-3.0462e-01,6.0334e-01,1.8333e+00,9.7198e+01,1.3078e-01
06350000,1.8652e-02,1.7508e-01,7.2299e-01,-8.0703e+01,7.4988e+00,8.1645e+01,-2.1815e-01,7.2299e-01,1.4444e+00,9.5000e+01,1.4756e-01
06352000,8.9552e-03,1.2309e-01,5.1262e-01,-8.8248e+01,9.9665e-01,8.5073e+01,-3.2559e-01,5.1262e-01,1.5714e+00,9.2571e+01,1.3357e-01
06353000,2.1032e-02,1.2314e-01,4.3266e-01,-8.7796e+01,-1.7789e+01,6.0774e+01,-3.1283e-01,4.3266e-01,1.1111e+00,8.9484e+01,2.0454e-01
06354000,1.8638e-02,2.6190e-01,5.3185e-01,-7.1048e+01,3.1301e+01,7.0178e+01,-1.9131e-01,5.3185e-01,1.3333e+00,9.3389e+01,1.9052e-01
06360500,1.2015e-01,3.4776e-01,6.2377e-01,-6.5419e+01,-3.2454e+01,4.8918e+00,1.2014e-02,6.2377e-01,1.3636e+00,8.6844e+01,3.6035e-01
06404000,3.0393e-01,7.8781e-01,9.6550e-01,-1.6107e+01,5.8118e+01,4.6981e+01,5.3429e-01,9.6550e-01,1.2500e+00,7.7747e+01,5.8688e-01
06406000,2.5265e-01,5.8360e-01,6.2281e-01,-4.7602e+01,3.7930e+01,8.5264e+01,2.7002e-01,6.2281e-01,1.4118e+00,8.3178e+01,5.3395e-01
06409000,-3.6894e+00,1.8818e+00,1.7887e+00,5.4426e+01,1.3404e+01,-4.3395e+01,-3.1944e-01,1.7887e+00,2.2857e+00,6.2723e+01,4.1566e-01
06431500,-5.5907e-02,6.9531e-01,8.3693e-01,-3.5596e+01,5.2807e+01,5.1598e+01,2.4667e-01,8.3693e-01,1.3684e+00,6.4753e+01,3.3062e-01
06447000,-3.1824e-02,1.7919e-01,2.7626e-01,-8.2005e+01,1.7336e+01,7.2782e+01,-3.4836e-01,2.7626e-01,1.4737e+00,9.7086e+01,2.1225e-01
06447500,-2.5983e-01,3.3013e-01,1.6440e-01,-6.0613e+01,3.6079e+02,-1.4911e+02,-3.2423e-01,1.6440e-01,2.0800e+00,9.6346e+01,2.2112e-01
06450500,-1.4449e-01,5.8245e-01,3.9445e-01,-4.2003e+01,2.0039e+02,-6.3561e+01,3.1901e-02,3.9445e-01,1.7037e+00,9.1923e+01,3.7058e-01
06452000,3.4066e-02,5.1063e-01,5.1994e-01,-4.7371e+01,5.2170e+01,7.0152e+01,4.1310e-02,5.1994e-01,1.6667e+00,9.0358e+01,3.2982e-01
06453600,1.2305e-01,3.7209e-01,2.7166e-01,-6.2148e+01,7.5594e+01,5.7132e+01,-8.5101e-02,2.7166e-01,1.3333e+00,9.4043e+01,4.9732e-01
06464500,-1.9757e-01,2.9550e-01,1.9797e-01,-6.9192e+01,1.2909e+02,4.7447e+00,-2.3886e-01,1.9797e-01,1.4516e+00,9.1124e+01,3.7135e-01
06468170,1.1019e-01,2.9682e-01,5.2792e-01,-7.5111e+01,-5.3229e+01,2.5108e+00,-5.9873e-02,5.2792e-01,2.4118e+00,8.8787e+01,3.6281e-01
06470800,-1.4079e-02,1.5016e-01,5.9476e-02,-8.9383e+01,-2.0687e+01,-0.0000e+00,-4.8696e-01,5.9476e-02,1.0850e+02,9.1017e+01,2.2267e-01
06477500,1.6698e-01,5.6294e-01,4.5532e-01,-4.4468e+01,3.9201e+01,4.9512e+01,1.0613e-01,4.5532e-01,1.4211e+00,9.0520e+01,4.4205e-01
06479438,-4.2807e-02,3.2990e-01,2.2077e-01,-6.5815e+01,1.6467e+02,8.2330e+01,-3.2059e-01,2.2077e-01,1.2030e+02,9.6557e+01,1.7071e-01
06601000,2.2045e-02,2.3468e-01,4.6782e-01,-7.4387e+01,2.6321e+01,-2.2675e+01,-1.7545e-01,4.6782e-01,1.8333e+00,9.3559e+01,2.8394e-01
06614800,8.1154e-01,9.4811e-01,1.1250e+00,-1.8503e+00,-3.3601e+01,4.5967e+01,8.3428e-01,1.1250e+00,1.6500e+00,2.9369e+01,9.0432e-01
06622700,6.3725e-01,8.2417e-01,1.0527e+00,-1.0546e+01,-1.1745e+01,1.1393e+01,7.2785e-01,1.0527e+00,2.2000e+00,4.4312e+01,7.9908e-01
06623800,7.3203e-01,9.0795e-01,1.2382e+00,5.0291e+00,-2.8667e+01,-7.0909e+01,7.1193e-01,1.2382e+00,2.2381e+00,2.8592e+01,8.6660e-01
06632400,6.0120e-01,7.6804e-01,1.0736e+00,-1.5416e+01,-3.4237e+01,3.4001e+01,6.6939e-01,1.0736e+00,2.4500e+00,5.9207e+01,7.7620e-01
06746095,7.2634e-01,7.4454e-01,8.4187e-01,-2.7877e+01,1.3797e+02,-1.2574e+02,6.7038e-01,8.4187e-01,1.2857e+00,4.0357e+01,8.6443e-01
06784000,-3.7454e-01,4.6857e-01,3.4227e-01,-5.4105e+01,1.9620e+02,-6.1152e+01,-1.4170e-01,3.4227e-01,1.6000e+00,9.1445e+01,2.3289e-01
06803510,-2.2760e-02,7.8785e-02,3.9108e-02,-9.1803e+01,7.7721e+01,1.0000e+02,-6.3465e-01,3.9108e-02,1.3026e+03,9.9923e+01,5.1252e-02
06803530,2.3066e-03,2.3157e-01,1.9442e-01,-7.1988e+01,9.4280e+02,1.0000e+02,-3.9051e-01,1.9442e-01,4.1641e+02,9.8199e+01,1.6689e-01
06814000,2.7370e-01,9.3448e-01,7.9168e-01,-8.6925e+00,3.9420e+02,9.2298e+01,5.5749e-01,7.9168e-01,1.2414e+00,7.8415e+01,6.1513e-01
06847900,-1.9999e-02,5.5170e-04,4.0483e-04,-9.9933e+01,-1.0000e+02,1.0000e+02,-7.1442e-01,4.0483e-04,2.0244e+03,9.9985e+01,2.9863e-02
06853800,-2.5788e-02,1.3187e-01,1.4567e-01,-8.5275e+01,1.0252e+02,4.6020e+01,-4.9117e-01,1.4567e-01,1.4444e+00,9.9212e+01,1.3975e-01
06876700,5.5499e-01,9.1799e-01,7.0795e-01,-1.6332e+01,7.5584e+01,-4.7949e+00,6.1571e-01,7.0795e-01,1.0400e+00,8.3204e+01,7.6408e-01
06878000,2.0018e-01,6.0959e-01,3.4311e-01,-4.4964e+01,7.1861e+02,9.9748e+01,8.5255e-02,3.4311e-01,3.2758e+02,9.4023e+01,4.9717e-01
06879650,1.8940e-01,5.8717e-01,7.8239e-01,-2.8214e+01,-6.6986e+01,-1.5612e+12,2.8394e-01,7.8239e-01,1.6400e+00,8.5325e+01,4.5691e-01
06885500,3.7321e-01,1.0937e+00,9.7250e-01,4.1151e+00,3.2225e+02,9.7943e+00,7.0109e-01,9.7250e-01,1.1176e+00,7.6349e+01,7.1750e-01
06888500,2.9979e-01,1.0397e+00,7.8636e-01,4.4942e+00,4.4986e+02,9.6368e+01,6.0128e-01,7.8636e-01,4.0242e+01,7.8062e+01,6.6569e-01
06889200,5.8611e-01,9.3391e-01,8.7181e-01,-4.4041e+00,2.8132e+02,7.7291e+01,7.3801e-01,8.7181e-01,7.8125e-01,6.3877e+01,7.8129e-01
06889500,5.5197e-01,1.1000e+00,9.8559e-01,8.3573e+00,2.5563e+02,2.9041e+01,7.7673e-01,9.8559e-01,9.7143e-01,6.5564e+01,8.0091e-01
06892000,5.8148e-01,8.8553e-01,9.2819e-01,-1.3363e+01,9.0461e+01,3.2937e+01,7.3446e-01,9.2819e-01,8.5294e-01,6.3229e+01,7.7141e-01
06903400,6.4736e-01,7.4497e-01,7.9812e-01,-2.2102e+01,1.2816e+02,5.0762e+01,6.2271e-01,7.9812e-01,9.6970e-01,6.4774e+01,8.0882e-01
06910800,4.0186e-01,8.6285e-01,7.2108e-01,-7.8843e+00,3.2075e+02,1.0000e+02,5.4375e-01,7.2108e-01,1.0857e+00,7.1116e+01,6.6600e-01
06911900,5.5107e-01,8.9588e-01,7.3725e-01,-1.1265e+01,3.1707e+02,1.0000e+02,6.2716e-01,7.3725e-01,3.5356e+02,7.1026e+01,7.5684e-01
06917000,6.3673e-01,9.0878e-01,7.9386e-01,-5.6249e+00,1.9371e+02,8.0239e+01,7.0270e-01,7.9386e-01,1.2588e+01,5.3614e+01,8.0616e-01
06918460,4.0657e-01,8.7026e-01,6.2194e-01,-1.2955e+01,2.3197e+02,-3.8816e+02,4.9236e-01,6.2194e-01,1.1471e+00,6.6693e+01,6.8705e-01
06919500,6.7413e-01,1.0449e+00,9.2040e-01,-6.6752e+00,9.4733e+01,2.8984e+01,8.2036e-01,9.2040e-01,7.2973e-01,5.5284e+01,8.4536e-01
06921070,4.5019e-01,9.9743e-01,8.2472e-01,9.0159e-01,3.8232e+02,8.5544e+01,6.7473e-01,8.2472e-01,7.5128e+00,6.2654e+01,7.2601e-01
06921200,4.6094e-01,9.4745e-01,9.1495e-01,-5.9305e+00,1.5732e+02,6.3541e+01,7.0009e-01,9.1495e-01,9.2683e-01,7.1648e+01,7.1724e-01
07014500,5.3208e-01,9.7250e-01,7.2235e-01,-1.5067e+01,3.2138e+02,-7.3176e+02,6.3895e-01,7.2235e-01,8.3784e-01,6.2446e+01,7.7084e-01
07056000,6.3522e-01,9.4645e-01,7.7722e-01,-5.6784e+00,2.4552e+02,-2.1096e+02,7.0377e-01,7.7722e-01,1.0294e+00,6.6123e+01,8.1225e-01
07057500,1.9054e-01,6.3309e-01,6.9662e-01,-3.8418e+01,1.7967e+02,-7.4049e+02,3.1171e-01,6.9662e-01,1.5455e+00,7.8231e+01,5.0293e-01
07060710,-5.5738e-02,7.0194e-01,1.1332e+00,-1.4601e+01,1.9756e+02,-4.8865e+02,2.3843e-01,1.1332e+00,1.4118e+00,8.0712e+01,3.1195e-01
07066000,1.7757e-01,9.6461e-01,6.2676e-01,-3.9232e+00,4.3266e+02,-1.2958e+03,4.4924e-01,6.2676e-01,8.8889e-01,6.9615e+01,5.9654e-01
07067000,2.7486e-01,7.5536e-01,8.6159e-01,-3.4291e+01,9.1984e+01,-2.3672e+02,4.8409e-01,8.6159e-01,1.2368e+00,7.7602e+01,5.6739e-01
07068000,4.2773e-01,9.5512e-01,6.6187e-01,-2.0943e+01,2.7642e+02,-1.2188e+03,5.7555e-01,6.6187e-01,5.6757e-01,6.3417e+01,7.4739e-01
07071500,2.2534e-01,6.1854e-01,7.6685e-01,-5.0110e+01,6.2384e+01,-4.7284e+02,3.4884e-01,7.6685e-01,1.4483e+00,7.9642e+01,5.2657e-01
07083000,7.1680e-01,8.2956e-01,1.0738e+00,-5.1019e+00,-4.1836e+01,-2.2076e+01,7.6011e-01,1.0738e+00,2.5500e+00,4.4587e+01,8.4819e-01
07142300,-2.8778e-02,1.9627e-01,2.1288e-01,-7.6926e+01,6.6129e+01,5.4518e+01,-3.7591e-01,2.1288e-01,1.5600e+00,9.4847e+01,2.0779e-01
07145700,5.4623e-01,9.5710e-01,1.0792e+00,-9.1341e+00,3.2438e+02,1.7917e+01,7.4747e-01,1.0792e+00,1.0000e+00,5.8544e+01,7.6407e-01
07148400,1.0238e-02,2.0389e-01,3.8102e-01,-8.1417e+01,6.9842e+00,4.9731e+01,-2.1917e-01,3.8102e-01,1.6061e+00,9.4495e+01,3.1485e-01
07149000,7.1943e-02,4.5595e-01,5.8663e-01,-6.2396e+01,1.4312e+02,7.5536e+01,6.3220e-02,5.8663e-01,8.7879e-01,8.7854e+01,3.5914e-01
07151500,1.7949e-01,7.7298e-01,5.0190e-01,-3.0526e+01,5.1028e+02,6.1994e+01,2.7158e-01,5.0190e-01,1.4545e+00,8.9617e+01,5.1943e-01
07167500,4.8779e-01,8.9972e-01,7.1807e-01,-6.2591e+00,3.1561e+02,1.0000e+02,5.9181e-01,7.1807e-01,2.3261e+02,7.2165e+01,7.2237e-01
07180500,-5.3796e-02,6.4918e-01,3.4753e-01,-4.6067e+01,5.0742e+02,1.0000e+02,-1.7604e-02,3.4753e-01,5.6509e+02,9.7209e+01,3.0235e-01
07184000,7.2983e-01,8.1608e-01,9.4065e-01,-9.1764e+00,1.1222e+02,4.9875e+01,7.5856e-01,9.4065e-01,7.2500e-01,6.1383e+01,8.5529e-01
07195800,2.1293e-01,6.4116e-01,7.0135e-01,-3.4172e+01,2.4786e+02,-2.7995e+02,3.1695e-01,7.0135e-01,1.6216e+00,8.5597e+01,5.0141e-01
07196900,1.3743e-01,5.6962e-01,8.5909e-01,-4.2473e+01,7.1642e+01,3.5317e+01,2.5384e-01,8.5909e-01,1.7027e+00,8.5865e+01,4.0699e-01
07197000,4.7773e-01,8.9249e-01,7.9756e-01,-1.1350e+01,1.9261e+02,-2.4605e+02,6.3646e-01,7.9756e-01,1.1429e+00,6.6284e+01,7.1783e-01
07208500,-6.8271e-01,1.2669e+00,1.9341e+00,9.4156e+00,1.8635e+01,-5.1991e+02,-1.0393e-01,1.9341e+00,1.8947e+00,6.2713e+01,4.7570e-01
07226500,2.3562e-03,6.1225e-02,5.1060e-01,-9.1642e+01,-6.8003e+01,-3.9325e+11,-4.0905e-01,5.1060e-01,2.0000e+00,9.8581e+01,7.0160e-02
07261000,6.0992e-01,1.0034e+00,9.0978e-01,-3.4660e+00,5.3844e+01,6.3639e+00,7.8632e-01,9.0978e-01,8.0556e-01,5.2049e+01,8.0633e-01
07291000,2.3089e-01,1.0395e+00,9.2494e-01,4.8155e+00,6.2740e+02,-6.6862e+01,6.2147e-01,9.2494e-01,1.3077e+00,7.2639e+01,6.3110e-01
07292500,1.7148e-01,9.4257e-01,7.0469e-01,-1.1732e+01,4.0768e+02,-7.3256e+02,4.7527e-01,7.0469e-01,1.3500e+00,7.7232e+01,5.7007e-01
07299670,-8.6416e-03,9.4940e-02,2.0222e-02,-9.6078e+01,-1.0000e+02,1.0000e+02,-6.0921e-01,2.0222e-02,2.2872e+03,9.9995e+01,9.9754e-02
07301410,-2.7650e-01,6.0170e-03,1.8028e-03,-9.9387e+01,1.5544e+02,9.3254e+01,-6.0940e-01,1.8028e-03,5.6207e+00,9.9977e+01,2.2169e-01
07301500,-2.6923e-02,1.6538e-01,1.8487e-01,-7.7917e+01,-1.0967e+01,6.8722e+01,-4.2466e-01,1.8487e-01,1.9643e+00,9.8080e+01,1.8231e-01
07315200,3.9786e-01,1.0144e+00,1.9823e+00,1.6104e+01,3.8428e+01,-1.7262e+02,-2.4169e-02,1.9823e+00,5.4167e-01,5.3181e+01,7.1047e-01
07315700,7.2514e-01,8.2798e-01,8.4493e-01,-2.0883e+01,1.1043e+02,1.6850e+01,7.2547e-01,8.4493e-01,5.8824e-01,6.8385e+01,8.5260e-01
07335700,3.7500e-01,8.4931e-01,8.4992e-01,-7.9080e+00,7.0205e+01,1.6595e+01,5.8797e-01,8.4992e-01,5.5225e+01,6.5489e+01,6.4710e-01
07340300,2.6226e-01,1.0407e+00,1.0892e+00,7.0021e+00,5.8694e+01,-7.7935e+02,6.3358e-01,1.0892e+00,8.8636e-01,6.0233e+01,6.4694e-01
07346045,4.5584e-01,7.3588e-01,6.8012e-01,-3.0946e+01,5.7228e+01,5.0937e+01,4.8968e-01,6.8012e-01,1.9355e+00,7.2651e+01,7.0277e-01
07362100,5.6042e-01,7.0485e-01,7.1132e-01,-2.5011e+01,1.1857e+02,4.2104e+01,5.2152e-01,7.1132e-01,9.3333e-01,5.8464e+01,7.5815e-01
07375000,5.7320e-01,7.9700e-01,7.7917e-01,-1.8907e+01,3.3992e+02,-1.6131e+03,6.1729e-01,7.7917e-01,9.2105e-01,6.8440e+01,7.6232e-01
08013000,6.1290e-01,7.3702e-01,8.1890e-01,-3.1799e+01,-1.3150e+01,-2.3854e+02,6.1677e-01,8.1890e-01,1.2424e+00,5.8042e+01,7.8807e-01
08014500,7.1984e-01,9.3693e-01,9.5936e-01,-1.3125e+01,7.6178e+01,-3.7590e+02,8.3479e-01,9.5936e-01,1.1212e+00,4.9686e+01,8.5281e-01
08023080,6.6442e-01,9.4393e-01,9.3104e-01,-1.9537e+00,2.2524e+02,8.6125e+01,8.0291e-01,9.3104e-01,6.4516e-01,5.0403e+01,8.2409e-01
08029500,7.1233e-02,8.8593e-01,6.8198e-01,-2.1666e+01,3.6259e+02,-7.0805e+02,3.9260e-01,6.8198e-01,1.6757e+00,8.4516e+01,4.9524e-01
08066200,2.6730e-01,9.4009e-01,1.3839e+00,3.1108e+00,1.8980e+02,5.7893e+01,4.5304e-01,1.3839e+00,8.5714e-01,6.5028e+01,6.1499e-01
08066300,4.3163e-01,9.1025e-01,9.1048e-01,-1.5830e+01,1.4131e+02,-6.5178e+02,6.6775e-01,9.1048e-01,9.0000e-01,5.8176e+01,6.9288e-01
08070000,7.1557e-01,8.3201e-01,8.9827e-01,-1.3209e+01,2.4148e+02,-6.3243e+02,7.5075e-01,8.9827e-01,8.2759e-01,5.0384e+01,8.4652e-01
08079600,-3.2081e-03,9.1628e-02,5.5858e-01,-8.8562e+01,-8.1803e+01,-1.8208e+11,-3.9283e-01,5.5858e-01,2.2258e+00,9.8868e+01,4.0836e-02
08082700,3.3246e-01,5.3679e-01,4.3992e-01,-5.4294e+01,-7.6432e+01,-0.0000e+00,1.6070e-01,4.3992e-01,1.3607e+03,8.8391e+01,5.8028e-01
08086212,1.6688e-01,8.2834e-01,6.3699e-01,-2.4731e+01,2.5931e+01,1.0000e+02,3.7082e-01,6.3699e-01,7.2381e+01,9.3956e+01,5.1562e-01
08086290,1.3915e-02,1.8659e-01,1.1767e-01,-8.5239e+01,-1.0000e+02,1.0000e+02,-4.7459e-01,1.1767e-01,1.7657e+03,9.8824e+01,1.4311e-01
08101000,2.3643e-01,1.0319e+00,8.0782e-01,1.8523e+00,1.6533e+02,1.0000e+02,5.8272e-01,8.0782e-01,3.2465e+02,8.8999e+01,6.3098e-01
08103900,2.1247e-01,4.8108e-01,6.6890e-01,-4.2535e+01,-7.9166e+01,-6.7388e+11,1.8663e-01,6.6890e-01,2.3793e+00,9.4628e+01,4.6833e-01
08104900,1.7931e-01,4.6792e-01,5.9843e-01,-4.5451e+01,-1.0565e-01,3.3358e+01,1.2510e-01,5.9843e-01,1.8077e+00,9.5107e+01,4.3336e-01
08109700,4.0912e-01,9.0050e-01,9.0788e-01,-1.4017e+01,1.5096e+02,-3.9616e+01,6.5026e-01,9.0788e-01,1.4545e+00,7.0814e+01,6.7761e-01
08150800,-9.0110e-03,1.4139e-02,2.5865e-02,-9.7453e+01,7.9489e+01,4.9952e+01,-6.4678e-01,2.5865e-02,2.3043e+00,9.9798e+01,1.1060e-01
08158700,2.6585e-01,5.7739e-01,5.6673e-01,-3.5274e+01,-5.9640e+00,5.8526e+01,2.3534e-01,5.6673e-01,1.9167e+00,9.2937e+01,5.3268e-01
08158810,2.1830e-01,6.8272e-01,5.5738e-01,-2.5938e+01,1.9568e+01,-1.6774e+00,2.6588e-01,5.5738e-01,1.9524e+00,8.9618e+01,5.0771e-01
08164000,6.9619e-01,7.9365e-01,1.4201e+00,-1.8445e+01,5.0769e+01,6.9283e+01,5.0508e-01,1.4201e+00,6.6667e-01,5.0402e+01,8.3903e-01
08164300,6.0725e-01,1.1316e+00,1.7303e+00,1.7723e+01,2.3373e+02,4.1682e+01,2.4082e-01,1.7303e+00,8.5714e-01,5.1517e+01,8.3952e-01
08164600,6.4453e-01,8.6263e-01,1.3580e+00,-3.1886e+00,6.8775e+01,3.2928e+01,5.7050e-01,1.3580e+00,4.8000e-01,5.4569e+01,8.0649e-01
08165300,-4.8671e-03,6.8438e-02,3.9149e-01,-8.3636e+01,6.1959e+01,-5.8989e+01,-4.5589e-01,3.9149e-01,2.4375e+00,9.9048e+01,6.1099e-02
08171300,2.2763e-01,5.8046e-01,7.0834e-01,-2.4812e+01,3.1439e+01,5.5964e+01,2.7866e-01,7.0834e-01,1.9130e+00,9.0315e+01,4.9083e-01
08175000,4.3312e-01,7.4769e-01,1.1714e+00,-2.2387e+00,2.0589e+02,-2.2234e+01,5.4601e-01,1.1714e+00,7.2222e-01,6.9582e+01,6.6376e-01
08176900,1.2373e-01,8.6865e-01,6.2746e-01,-1.9008e+01,1.2312e+02,1.0000e+02,3.6816e-01,6.2746e-01,6.9808e+02,9.6406e+01,5.0687e-01
08189500,1.6413e-01,7.2351e-01,1.0289e+00,-2.4130e+01,1.0625e+02,6.7730e+01,4.0611e-01,1.0289e+00,7.0833e-01,7.9587e+01,4.7520e-01
08190000,5.8567e-02,3.2389e-01,6.0425e-01,-4.8185e+01,8.3555e+01,-4.2924e+01,-7.3866e-02,6.0425e-01,1.8235e+00,9.5206e+01,2.6553e-01
08190500,-1.9308e-03,9.6296e-03,7.8226e-02,-9.7971e+01,-1.5796e+01,2.4230e+01,-6.4421e-01,7.8226e-02,2.5000e+00,9.9904e+01,6.5687e-02
08194200,3.1968e-02,3.1328e-01,4.3925e-01,-6.4569e+01,-4.8693e+01,-5.1083e+11,-1.8492e-01,4.3925e-01,9.6296e-01,9.7718e+01,2.1387e-01
08195000,1.0963e-01,3.7134e-01,6.9576e-01,-4.4155e+01,6.3398e+01,3.9938e+01,4.1244e-02,6.9576e-01,2.1111e+00,9.5025e+01,3.4316e-01
08196000,6.5709e-02,3.8579e-01,7.1306e-01,-4.6363e+01,2.2998e+01,7.5585e+01,1.3202e-02,7.1306e-01,1.9565e+00,9.5797e+01,2.8293e-01
08198500,2.0574e-01,4.2132e-01,6.9532e-01,-5.1079e+01,7.5544e+01,6.5950e+01,1.4985e-01,6.9532e-01,1.9286e+00,9.6867e+01,4.5682e-01
08200000,2.3197e-01,7.1920e-01,2.8482e-01,-3.6509e+01,-1.0000e+02,1.0000e+02,1.0184e-01,2.8482e-01,1.6071e+03,9.2815e+01,5.3486e-01
08202700,5.6099e-05,1.5443e-02,7.6678e-02,-9.5777e+01,2.7996e+08,-3.8916e+11,-6.4720e-01,7.6678e-02,2.6364e+00,9.9816e+01,5.5872e-02
08267500,4.5855e-01,6.4942e-01,8.0276e-01,-3.3349e+01,-2.3304e-01,-9.1541e+01,4.9695e-01,8.0276e-01,1.7778e+00,5.6641e+01,6.9792e-01
08269000,3.9481e-01,6.8556e-01,9.0924e-01,-3.4950e+01,3.6801e+01,-3.7578e+02,5.0824e-01,9.0924e-01,1.5625e+00,5.7574e+01,6.3297e-01
08271000,4.0483e-01,6.2455e-01,8.6347e-01,-3.4841e+01,-1.1381e+01,4.7354e+01,4.6688e-01,8.6347e-01,2.0952e+00,6.1986e+01,6.4698e-01
08324000,-3.2264e-01,4.9963e-01,4.9262e-01,-4.7790e+01,3.1299e+01,3.8431e+01,-1.9562e-01,4.9262e-01,2.6296e+00,9.8134e+01,3.9950e-02
08377900,3.3531e-01,7.7966e-01,1.1279e+00,-2.3819e+01,-2.2278e+01,-2.7496e+02,5.3338e-01,1.1279e+00,1.7083e+00,6.0160e+01,6.0906e-01
08378500,1.7081e-01,8.5605e-01,1.1248e+00,-1.6474e+01,-3.2195e+00,-4.3859e+02,4.9522e-01,1.1248e+00,1.8000e+00,6.8861e+01,5.3255e-01
08380500,2.6227e-01,5.9980e-01,5.1122e-01,-4.0674e+01,2.9108e+02,-3.5814e+01,2.3895e-01,5.1122e-01,2.6231e+01,8.4282e+01,5.7559e-01
09034900,7.6975e-01,9.2495e-01,1.0673e+00,6.6665e-01,-4.0498e+01,1.6589e+01,8.4275e-01,1.0673e+00,1.8000e+00,3.1158e+01,8.7930e-01
09035800,6.4837e-01,9.1599e-01,1.4065e+00,-3.4632e+00,-2.2409e+01,-6.6252e+02,5.5615e-01,1.4065e+00,2.1500e+00,3.3644e+01,8.4288e-01
09035900,7.4255e-01,8.8213e-01,1.2160e+00,-1.7424e+00,-2.3619e+01,-2.6968e+02,7.2319e-01,1.2160e+00,2.5000e+00,3.6703e+01,8.7314e-01
09047700,6.2050e-01,9.0299e-01,1.4077e+00,-9.6749e+00,-1.0173e+01,-4.0815e+02,5.5038e-01,1.4077e+00,2.0000e+00,3.2034e+01,8.3711e-01
09065500,7.9535e-01,9.4304e-01,1.1076e+00,-2.0054e+00,-4.3131e+01,-4.8054e+02,8.3945e-01,1.1076e+00,2.1000e+00,2.9611e+01,8.9531e-01
09066000,8.3414e-01,8.8984e-01,9.9302e-01,-4.7375e+00,-1.5259e+01,1.1802e+01,8.5984e-01,9.9302e-01,2.2500e+00,3.5505e+01,9.1363e-01
09066200,7.1335e-01,8.8924e-01,9.5406e-01,-1.4490e+01,-2.4440e+01,5.5487e+01,8.0488e-01,9.5406e-01,1.9000e+00,3.2806e+01,8.4607e-01
09066300,6.6897e-01,8.9169e-01,1.4864e+00,1.5037e+00,-5.3429e+01,-2.8152e+01,4.8090e-01,1.4864e+00,2.5500e+00,4.3257e+01,8.5459e-01
09081600,6.8898e-01,8.8409e-01,1.0016e+00,9.2107e-01,-3.2971e+01,8.5743e+00,7.9564e-01,1.0016e+00,2.3000e+00,3.1736e+01,8.3170e-01
09210500,6.3742e-01,7.9595e-01,1.0392e+00,-1.7309e+01,-4.9951e+00,2.4133e+01,7.1082e-01,1.0392e+00,2.4444e+00,5.5282e+01,7.9889e-01
09223000,7.4677e-01,8.3012e-01,1.2637e+00,-1.4404e+01,-3.5475e+01,5.9859e+01,6.6252e-01,1.2637e+00,2.5500e+00,4.1736e+01,8.7548e-01
09306242,3.6215e-01,5.5521e-01,4.4519e-01,-4.1893e+01,2.5880e+02,-1.1428e+02,2.0581e-01,4.4519e-01,2.2000e+00,7.6326e+01,6.4633e-01
09312600,6.0944e-01,8.3942e-01,1.5751e+00,-1.8034e+01,-3.0269e+01,2.0790e+01,3.7605e-01,1.5751e+00,2.5000e+00,4.6611e+01,8.1880e-01
09352900,5.8258e-01,7.0343e-01,9.7929e-01,-1.1862e+01,-4.3917e+01,5.0157e+01,6.2166e-01,9.7929e-01,2.2593e+00,5.0384e+01,7.6600e-01
09378630,3.2017e-01,5.5915e-01,6.5723e-01,-4.4843e+01,-3.6826e+01,1.0433e+01,3.0011e-01,6.5723e-01,2.3889e+00,6.7958e+01,5.7809e-01
09386900,3.7548e-01,6.0296e-01,6.7499e-01,-3.5798e+01,2.9989e+01,1.8028e+01,3.5960e-01,6.7499e-01,1.8519e+00,9.1299e+01,6.1680e-01
09404450,1.9653e-01,7.8965e-01,6.0281e-01,-2.9048e+01,7.3848e+01,-6.8767e+01,4.1617e-01,6.0281e-01,1.9259e+00,7.0372e+01,6.2738e-01
09430500,6.0881e-05,3.0846e-01,6.3511e-01,-7.1172e+01,1.0398e+02,-1.6891e+02,-1.2754e-01,6.3511e-01,1.9167e+00,8.7502e+01,1.8762e-01
09430600,2.3093e-01,6.4582e-01,7.2563e-01,-2.7068e+01,8.8712e+01,1.4633e+01,3.3546e-01,7.2563e-01,1.8125e+00,8.3119e+01,5.0920e-01
09480000,-5.1176e-03,4.3680e-02,1.7174e-01,-9.2999e+01,6.9539e+01,7.8236e+01,-5.7677e-01,1.7174e-01,2.4444e+00,9.9262e+01,5.8911e-02
09492400,4.4130e-01,7.0973e-01,8.1156e-01,-2.4893e+01,-1.7372e+00,-1.5108e+02,5.2882e-01,8.1156e-01,1.9032e+00,6.5466e+01,6.8024e-01
09494000,2.6596e-02,6.6390e-01,5.5598e-01,-2.4907e+01,4.0643e+01,-4.0953e+01,1.9457e-01,5.5598e-01,2.3462e+00,8.4793e+01,4.1810e-01
09497980,9.1370e-03,6.4364e-01,8.1706e-01,-2.7055e+01,5.5076e+01,-9.5585e+01,2.2026e-01,8.1706e-01,1.9000e+00,9.5892e+01,3.3102e-01
09505350,3.4525e-01,1.0049e+00,9.3866e-01,1.0763e+01,-4.8281e+00,-0.0000e+00,6.6854e-01,9.3866e-01,1.6475e+02,8.3892e+01,6.7431e-01
09505800,-1.0148e-01,6.2496e-01,1.5019e-01,-6.1379e+01,-1.0000e+02,1.0000e+02,-1.8546e-01,1.5019e-01,2.5233e+03,1.0000e+02,2.6347e-01
09508300,3.6969e-01,1.0094e+00,1.0022e+00,2.5226e+01,2.7853e+02,1.0000e+02,6.8769e-01,1.0022e+00,2.9892e+02,8.8438e+01,6.8784e-01
09510200,2.6099e-01,9.7067e-01,7.6730e-01,2.0479e+00,3.2077e+01,4.4702e+01,5.5389e-01,7.6730e-01,2.1579e+00,9.3878e+01,6.2052e-01
09512280,1.6016e-02,1.4390e-01,3.2604e-01,-7.5249e+01,-8.0466e+01,-2.7038e+11,-3.8401e-01,3.2604e-01,2.5909e+00,9.9354e+01,1.4657e-01
09513780,2.8775e-01,8.4583e-01,1.0637e+00,8.7459e+00,-2.3894e+01,-0.0000e+00,5.6017e-01,1.0637e+00,3.8158e+02,9.0372e+01,5.9304e-01
10172700,3.1238e-01,7.0965e-01,6.3775e-01,-4.0245e+01,4.0471e+01,-3.9655e+01,4.3467e-01,6.3775e-01,2.9000e+00,7.3184e+01,6.7740e-01
10172800,6.8353e-01,7.7574e-01,9.3012e-01,-1.9025e+01,-2.0697e+01,2.4593e+00,7.1047e-01,9.3012e-01,1.9000e+00,3.3412e+01,8.3072e-01
10205030,5.9061e-02,2.8739e-01,5.6638e-01,-7.6564e+01,3.0528e+01,-3.5363e+01,-4.9315e-02,5.6638e-01,2.5000e+00,8.5036e+01,3.6343e-01
10234500,6.4407e-01,7.9832e-01,1.0962e+00,-2.0504e+01,-1.7246e+01,-2.3596e+02,7.0381e-01,1.0962e+00,2.3684e+00,5.1309e+01,8.0557e-01
10242000,4.6650e-01,5.6716e-01,7.9094e-01,-4.8694e+01,2.3474e+01,3.3906e+01,4.3665e-01,7.9094e-01,1.8261e+00,6.3204e+01,7.0621e-01
10244950,5.9575e-01,6.4651e-01,8.5179e-01,-3.8017e+01,2.3195e+00,8.0883e-01,5.6823e-01,8.5179e-01,2.0714e+00,3.9171e+01,8.0125e-01
10249300,5.1669e-01,5.3609e-01,7.6058e-01,-4.3931e+01,-9.4966e+00,5.6396e+01,4.2702e-01,7.6058e-01,2.1250e+00,6.2047e+01,7.6384e-01
10258500,8.4790e-02,3.1567e-01,5.6118e-01,-5.8401e+01,-8.4411e+01,-1.8078e+11,-7.3220e-02,5.6118e-01,2.4444e+00,9.8132e+01,2.9933e-01
10259000,3.1248e-01,6.8924e-01,7.8590e-01,-2.0924e+01,8.6318e+00,5.2501e+01,4.3696e-01,7.8590e-01,2.1111e+00,8.2401e+01,5.8215e-01
10259200,8.9007e-02,3.3140e-01,7.3048e-01,-4.9289e+01,-6.5521e+01,2.5708e+01,-3.3955e-03,7.3048e-01,2.0000e+00,9.6835e+01,3.0205e-01
10263500,4.4079e-01,6.5766e-01,1.0084e+00,-2.3719e+01,-3.2472e+01,4.5162e+01,5.2022e-01,1.0084e+00,2.1333e+00,8.2006e+01,6.6396e-01
10316500,7.5097e-01,8.4929e-01,1.0207e+00,-7.7521e+00,-4.9698e+01,3.1411e+01,7.9782e-01,1.0207e+00,1.4762e+00,4.0472e+01,8.6683e-01
10329500,1.4964e-01,1.0948e+00,1.2688e+00,1.4819e+01,1.6790e+01,-8.8254e+01,5.2785e-01,1.2688e+00,2.1176e+00,5.9559e+01,6.2358e-01
10336645,7.1617e-01,1.0751e+00,1.0987e+00,7.4015e+00,-6.9038e-01,-9.9392e+01,8.2163e-01,1.0987e+00,1.8889e+00,3.9549e+01,8.7184e-01
10336660,7.6945e-01,8.7638e-01,8.4927e-01,-8.9345e+00,2.5876e+01,-1.2178e+02,7.7153e-01,8.4927e-01,1.0000e+00,3.7570e+01,8.8086e-01
10343500,5.6959e-01,1.0486e+00,1.2588e+00,1.9142e+00,2.4313e+01,-7.9730e+02,6.7200e-01,1.2588e+00,1.2857e+00,5.1827e+01,8.0449e-01
10396000,4.8782e-01,7.5526e-01,1.0230e+00,-1.7636e+01,-3.7645e+01,3.9889e+01,6.1277e-01,1.0230e+00,2.1852e+00,6.9401e+01,7.0079e-01
11098000,4.1034e-01,9.7000e-01,6.9176e-01,-1.1966e+01,5.1733e+01,7.6613e+01,5.6833e-01,6.9176e-01,2.3684e+00,9.0660e+01,6.9930e-01
11124500,2.3888e-01,6.1061e-01,1.1622e+00,-3.5006e+01,-8.6166e+01,-5.9455e+11,3.4764e-01,1.1622e+00,2.5882e+00,9.4746e+01,5.0238e-01
11141280,3.4240e-01,7.1946e-01,9.6816e-01,-2.8516e+01,2.8317e+01,-6.3875e+00,5.0860e-01,9.6816e-01,2.4211e+00,9.0263e+01,5.9781e-01
11143000,7.0820e-01,8.7517e-01,7.4665e-01,-1.3624e+01,1.0911e+02,2.8537e+00,6.7977e-01,7.4665e-01,1.4500e+00,6.0796e+01,8.4908e-01
11148900,6.2488e-01,1.0312e+00,8.3808e-01,1.4393e+01,-1.9857e+01,-0.0000e+00,7.5531e-01,8.3808e-01,1.5115e+02,5.5922e+01,8.1921e-01
11151300,2.8577e-02,1.7663e-01,6.7005e-01,-7.5720e+01,-2.3152e+01,6.5099e+01,-2.0960e-01,6.7005e-01,2.3529e+00,9.6043e+01,1.7761e-01
11162500,5.1070e-01,8.9208e-01,7.8904e-01,-8.6778e+00,3.2386e+02,3.4889e+00,6.4405e-01,7.8904e-01,1.6500e+00,7.3330e+01,7.3438e-01
11176400,4.3269e-01,9.2117e-01,1.0038e+00,-3.6307e+00,-3.3798e+00,-8.1195e+10,6.8539e-01,1.0038e+00,1.8125e+00,9.8135e+01,6.9545e-01
11180500,2.8083e-01,9.3532e-01,1.0444e+00,-4.8321e+00,-4.3623e+01,-4.3007e+11,6.0987e-01,1.0444e+00,2.0556e+00,8.7491e+01,6.1784e-01
11180960,4.6044e-01,9.6557e-01,7.9641e-01,8.9281e+00,-4.0926e+01,-0.0000e+00,6.5378e-01,7.9641e-01,8.0000e+00,7.6535e+01,7.2209e-01
11224500,5.4323e-02,2.4403e-01,9.4104e-01,-6.8091e+01,-8.3352e+01,-2.3108e+11,-7.8204e-02,9.4104e-01,2.8333e+00,9.6923e+01,2.3348e-01
11230500,4.7304e-01,9.1274e-01,9.5543e-01,7.2253e+00,-5.3282e+01,-8.6190e+02,6.9952e-01,9.5543e-01,2.3043e+00,3.9633e+01,7.1595e-01
11237500,6.3504e-01,7.6695e-01,9.8425e-01,-1.3636e+01,-5.1833e+01,5.1169e+01,6.9087e-01,9.8425e-01,2.0800e+00,6.1899e+01,7.9751e-01
11253310,6.3400e-02,2.0599e-01,7.5495e-01,-7.4871e+01,-8.4002e+01,-2.3946e+11,-1.1178e-01,7.5495e-01,2.3529e+00,9.6453e+01,2.6139e-01
11264500,6.4062e-01,8.6924e-01,9.6718e-01,-1.4109e+00,-2.8722e+01,5.4041e+01,7.6158e-01,9.6718e-01,1.6296e+00,4.2570e+01,8.0335e-01
11266500,6.9542e-01,9.0696e-01,8.9554e-01,8.2769e-01,-1.7683e+01,2.3317e+01,7.8683e-01,8.9554e-01,1.8077e+00,4.8937e+01,8.3915e-01
11274500,2.2548e-01,1.1212e+00,1.4106e+00,2.6939e+01,1.1719e+00,-3.2426e+10,4.5522e-01,1.4106e+00,1.8462e+00,7.6565e+01,6.6312e-01
11274630,1.8977e-01,5.6535e-01,7.1531e-01,-3.7437e+01,-6.5254e+01,-4.0530e+11,2.4599e-01,7.1531e-01,2.3750e+00,9.6463e+01,4.5360e-01
11284400,8.5561e-02,7.9176e-01,1.1584e+00,-2.3864e+01,-6.3009e+01,-1.5251e+12,3.9147e-01,1.1584e+00,8.4737e+00,8.7838e+01,4.5059e-01
11381500,3.6056e-01,9.9064e-01,1.0192e+00,-7.7429e+00,2.8216e+01,-1.0212e+02,6.7668e-01,1.0192e+00,1.7407e+00,6.6967e+01,6.7739e-01
11383500,4.0482e-01,1.1457e+00,1.1892e+00,5.8362e+00,5.2146e+01,-8.1824e+02,6.5703e-01,1.1892e+00,1.9600e+00,6.7822e+01,7.5385e-01
11451100,7.1944e-01,9.0039e-01,7.8039e-01,-1.0164e+01,2.8114e+02,9.3395e+01,7.1744e-01,7.8039e-01,7.9167e-01,4.5783e+01,8.5273e-01
11468500,7.5604e-01,1.0554e+00,1.0285e+00,9.0443e+00,2.2302e+02,-3.2664e+02,8.7003e-01,1.0285e+00,9.5833e-01,4.2274e+01,8.8593e-01
11473900,5.6033e-01,1.0198e+00,9.9745e-01,1.1222e+01,-7.6297e+00,6.6485e+01,7.8370e-01,9.9745e-01,1.6071e+00,6.3433e+01,7.8462e-01
11475560,7.3423e-01,8.9240e-01,1.0769e+00,-4.4322e+00,2.5792e+01,6.1880e-01,8.0608e-01,1.0769e+00,1.1111e+00,4.7211e+01,8.5820e-01
11476600,7.3225e-01,7.8042e-01,8.9961e-01,-2.2350e+01,4.5753e+01,-3.7115e+01,7.2119e-01,8.9961e-01,1.0870e+00,5.3679e+01,8.6056e-01
11478500,7.1443e-01,1.0764e+00,1.1124e+00,2.6573e+00,1.0162e+02,-4.2242e+02,8.1276e-01,1.1124e+00,5.8621e-01,4.0059e+01,8.7121e-01
11480390,5.2111e-01,1.0813e+00,1.0461e+00,8.5111e+00,6.6330e+01,-7.8592e+00,7.6259e-01,1.0461e+00,1.5926e+00,5.5628e+01,7.8178e-01
11481200,7.1529e-01,1.0652e+00,1.0484e+00,8.0888e-01,1.7179e+02,-3.2484e+02,8.4554e-01,1.0484e+00,6.5714e-01,4.5480e+01,8.6861e-01
11482500,7.6581e-01,1.0132e+00,1.0829e+00,1.1261e+00,2.8900e+01,2.0731e+01,8.5805e-01,1.0829e+00,9.3333e-01,3.8899e+01,8.8554e-01
11522500,6.2382e-01,9.6549e-01,1.0600e+00,-2.6173e+00,-2.1076e+01,1.8560e+01,7.9476e-01,1.0600e+00,1.5938e+00,5.3254e+01,8.0678e-01
11523200,5.4810e-01,8.5830e-01,8.9658e-01,-1.0020e+01,-2.5196e+01,-5.6320e+02,6.9541e-01,8.9658e-01,1.6129e+00,5.3446e+01,7.5100e-01
11528700,3.9686e-01,1.0762e+00,1.2264e+00,9.3347e+00,-3.1345e+00,-5.2400e+02,6.3796e-01,1.2264e+00,1.8846e+00,5.8934e+01,7.2792e-01
11532500,8.2422e-01,9.3766e-01,8.1542e-01,-1.2296e+01,1.3430e+02,-8.8762e+02,7.8724e-01,8.1542e-01,3.1429e-01,2.8650e+01,9.1449e-01
12010000,8.3351e-01,8.3389e-01,8.9220e-01,-2.2505e+01,1.9739e+01,-3.8247e+02,7.8634e-01,8.9220e-01,3.0556e-01,3.1256e+01,9.1976e-01
12013500,8.4553e-01,9.9256e-01,1.1266e+00,-3.6176e+00,2.9808e+00,-1.4354e+02,8.5295e-01,1.1266e+00,4.8485e-01,2.9468e+01,9.2552e-01
12020000,7.4153e-01,9.0943e-01,1.1928e+00,-1.6175e+01,-4.1323e+00,-1.4072e+02,7.5016e-01,1.1928e+00,5.4839e-01,4.0981e+01,8.6942e-01
12025700,8.0075e-01,9.3644e-01,8.4670e-01,-1.1671e+01,5.7738e+01,-5.5399e+02,8.0754e-01,8.4670e-01,6.0000e-01,3.8551e+01,9.0254e-01
12035000,8.7603e-01,9.0141e-01,9.2266e-01,-1.5748e+01,1.3520e+01,-1.1979e+02,8.6033e-01,9.2266e-01,3.6111e-01,2.9432e+01,9.3832e-01
12040500,7.9519e-01,8.2742e-01,8.9970e-01,-2.8472e+01,4.6688e+01,-2.8632e+02,7.7546e-01,8.9970e-01,1.1905e-01,2.8309e+01,8.9718e-01
12041200,6.3467e-01,9.5155e-01,9.2885e-01,-2.2734e+01,9.3022e+01,-2.1204e+02,7.9268e-01,9.2885e-01,5.2381e-01,3.7793e+01,8.1140e-01
12048000,-1.8019e-01,5.8403e-01,1.1674e+00,-3.8978e+01,-3.9676e+01,-4.3894e+01,5.7076e-02,1.1674e+00,1.9048e+00,6.3226e+01,1.7052e-01
12054000,3.4678e-01,9.5587e-01,1.0063e+00,-1.0068e+01,2.9785e+01,-4.9799e+02,6.5645e-01,1.0063e+00,9.0698e-01,4.5389e+01,6.5935e-01
12056500,5.3396e-01,9.0160e-01,9.0654e-01,-1.9077e+01,4.8917e+01,-3.5033e+02,7.1607e-01,9.0654e-01,6.5854e-01,3.7657e+01,7.5060e-01
12073500,1.5206e-01,1.2772e+00,1.3331e+00,1.7196e+01,1.3431e+02,-5.2206e+02,4.8418e-01,1.3331e+00,1.6000e+00,4.7877e+01,7.2024e-01
12082500,4.6225e-01,1.0919e+00,1.0649e+00,1.2697e+00,3.3377e+01,-8.2159e+01,7.3513e-01,1.0649e+00,1.3659e+00,4.1844e+01,7.6019e-01
12092000,2.0650e-01,1.0239e+00,9.4993e-01,-3.2328e+00,-2.2171e+01,-6.9979e+02,6.1112e-01,9.4993e-01,1.2045e+00,5.1066e+01,6.1510e-01
12114500,7.4430e-01,1.0460e+00,1.0196e+00,-1.9759e+00,3.1639e+01,-2.7094e+02,8.6899e-01,1.0196e+00,5.4762e-01,3.1710e+01,8.7893e-01
12115000,7.5662e-01,1.0084e+00,1.0291e+00,-2.5583e+00,3.5019e+01,-2.0690e+02,8.7590e-01,1.0291e+00,5.9524e-01,3.1799e+01,8.7966e-01
12115500,7.6653e-01,9.0403e-01,8.8943e-01,-1.4805e+01,5.2500e+01,-3.2267e+02,8.1032e-01,8.8943e-01,2.8889e-01,2.5730e+01,8.7941e-01
12117000,6.8778e-01,9.9351e-01,9.9685e-01,-7.3170e+00,1.9480e+01,-1.3023e+02,8.4273e-01,9.9685e-01,1.3500e+00,4.7846e+01,8.4290e-01
12145500,7.8606e-01,9.8983e-01,1.0675e+00,-3.5832e+00,1.5186e+01,-2.2087e+02,8.7309e-01,1.0675e+00,8.8095e-01,4.3694e+01,8.9302e-01
12147500,6.1825e-01,1.0001e+00,8.0219e-01,-8.1696e+00,6.9927e+01,-4.0440e+02,7.3686e-01,8.0219e-01,2.6087e-01,3.7240e+01,8.2647e-01
12147600,6.1118e-01,7.6191e-01,7.0704e-01,-2.9548e+01,9.9413e+01,-2.2151e+02,5.7696e-01,7.0704e-01,1.6667e-01,4.4605e+01,8.0907e-01
12167000,6.9053e-01,8.7809e-01,8.6319e-01,-2.4552e+01,6.2128e+01,-1.5279e+02,7.5615e-01,8.6319e-01,2.5641e-01,3.4469e+01,8.3912e-01
12175500,4.7607e-01,9.2419e-01,9.2098e-01,-1.2540e+01,5.7518e+00,-4.2462e+02,7.0280e-01,9.2098e-01,1.1628e+00,4.0312e+01,7.2371e-01
12178100,4.5928e-01,1.0227e+00,9.2389e-01,-8.7456e-01,4.8084e+01,-3.7497e+02,7.2682e-01,9.2389e-01,8.0000e-01,3.6687e+01,7.3862e-01
12186000,6.0295e-01,9.3419e-01,8.6133e-01,-8.1677e+00,3.4538e+01,-2.8806e+02,7.4818e-01,8.6133e-01,7.5000e-01,3.6931e+01,8.0037e-01
12189500,5.3550e-01,9.9135e-01,9.1307e-01,1.9980e+00,2.1818e+01,-4.7659e+02,7.5499e-01,9.1307e-01,1.0714e+00,4.2713e+01,7.7109e-01
12358500,7.0433e-01,8.7251e-01,9.9319e-01,1.9554e-01,-3.1532e+01,-9.3500e+01,7.9522e-01,9.9319e-01,1.2692e+00,3.8926e+01,8.3989e-01
12390700,1.9347e-01,4.6803e-01,9.4762e-01,-5.1634e+01,-5.2936e+01,-6.4663e+01,2.2771e-01,9.4762e-01,2.1200e+00,7.3982e+01,4.4259e-01
12411000,6.2227e-01,9.3521e-01,1.1690e+00,-8.8219e+00,-1.6461e+01,-1.4611e+02,7.3638e-01,1.1690e+00,1.3103e+00,4.5619e+01,8.0830e-01
12414500,6.3197e-01,9.2409e-01,1.1937e+00,-2.3539e-01,-3.2216e+01,-3.0966e+00,7.2370e-01,1.1937e+00,1.6333e+00,4.8017e+01,8.1814e-01
12447390,4.8043e-01,9.8895e-01,1.4220e+00,1.2413e+01,-4.8235e+01,-2.1184e+01,5.1588e-01,1.4220e+00,1.4500e+00,4.0630e+01,7.6296e-01
12451000,5.7549e-01,8.0943e-01,1.0640e+00,-1.0600e+01,-5.6163e+01,-4.2969e+02,6.8875e-01,1.0640e+00,2.2903e+00,5.6150e+01,7.6239e-01
12488500,4.6082e-01,8.5133e-01,1.3935e+00,-7.3474e+00,-4.9159e+01,-2.9887e+02,5.1904e-01,1.3935e+00,1.5588e+00,4.6783e+01,7.6674e-01
13011500,7.3569e-01,9.3868e-01,1.0244e+00,-3.7474e+00,-7.1343e+00,-5.1821e+01,8.4639e-01,1.0244e+00,1.9000e+00,3.2774e+01,8.6130e-01
13011900,7.0952e-01,8.2765e-01,1.1146e+00,-2.7259e+00,-3.8080e+01,7.4310e+00,7.4210e-01,1.1146e+00,2.4000e+00,4.4154e+01,8.4611e-01
13018300,7.1815e-01,8.7811e-01,1.1560e+00,-6.1836e+00,-2.7636e+01,2.5407e+01,7.5565e-01,1.1560e+00,1.8947e+00,4.2519e+01,8.5683e-01
13023000,7.6421e-01,8.3638e-01,1.0995e+00,-5.6584e+00,-3.7862e+01,1.6947e+01,7.7387e-01,1.0995e+00,1.8500e+00,3.4141e+01,8.7976e-01
13083000,1.9853e-01,7.5358e-01,7.5069e-01,-4.1187e+01,1.3071e+02,7.4263e+01,4.5823e-01,7.5069e-01,2.2500e+00,6.4507e+01,5.8692e-01
13161500,6.7516e-01,8.1199e-01,1.0821e+00,-1.6359e+01,-2.1437e+01,1.3597e+01,7.2921e-01,1.0821e+00,2.1176e+00,5.9157e+01,8.2324e-01
13235000,7.4923e-01,8.5365e-01,1.0673e+00,-7.4075e+00,-2.8118e+01,5.0240e+01,7.9154e-01,1.0673e+00,2.2273e+00,4.0136e+01,8.6769e-01
13240000,7.6822e-01,9.1855e-01,9.5019e-01,-2.8573e+00,-2.1787e+01,6.5989e+01,8.4501e-01,9.5019e-01,1.1304e+00,3.8590e+01,8.7791e-01
13313000,2.8728e-01,8.8192e-01,2.0731e+00,7.5654e-01,-5.7425e+01,4.6556e+01,-9.0276e-02,2.0731e+00,2.2727e+00,3.2594e+01,8.4756e-01
13331500,6.5722e-01,8.2596e-01,1.0913e+00,-5.1289e-01,-4.7966e+01,5.9382e+01,7.2951e-01,1.0913e+00,1.8929e+00,5.5940e+01,8.1415e-01
13337000,7.4042e-01,9.2908e-01,1.1459e+00,4.7126e+00,-3.7805e+01,2.9647e+01,7.9210e-01,1.1459e+00,1.8800e+00,3.8913e+01,8.6998e-01
13338500,6.2504e-01,1.0127e+00,1.3403e+00,2.6523e+00,-3.0682e+01,-3.5537e+01,6.3002e-01,1.3403e+00,2.0400e+00,4.2339e+01,8.5540e-01
13340000,7.1180e-01,9.2769e-01,1.1991e+00,2.1900e+00,-3.1399e+01,-9.1450e+00,7.4738e-01,1.1991e+00,1.5200e+00,3.6773e+01,8.6240e-01
13340600,7.4363e-01,8.8429e-01,1.0542e+00,3.9289e-01,-2.9519e+01,8.1209e+00,8.1337e-01,1.0542e+00,1.7333e+00,3.8880e+01,8.6397e-01
14020000,5.6139e-01,1.0217e+00,8.9177e-01,-1.0701e+01,1.4316e+02,-1.3260e+03,7.6193e-01,8.9177e-01,1.2188e+00,4.9547e+01,7.8907e-01
14137000,6.9170e-01,1.0379e+00,1.0430e+00,2.0612e+00,2.9374e+01,-3.7711e+02,8.4212e-01,1.0430e+00,6.3158e-01,2.8912e+01,8.5289e-01
14138800,7.9199e-01,9.2951e-01,9.6991e-01,-1.3622e+01,5.7663e+01,-4.2790e+02,8.6673e-01,9.6991e-01,3.8095e-01,2.9308e+01,8.9098e-01
14138870,6.9124e-01,1.0286e+00,1.0163e+00,-4.4849e+00,2.1185e+01,-2.2026e+02,8.4680e-01,1.0163e+00,6.0000e-01,3.4380e+01,8.5039e-01
14138900,7.4734e-01,1.0070e+00,9.6472e-01,-1.0699e+01,7.0132e+01,-5.8638e+02,8.6987e-01,9.6472e-01,3.4146e-01,2.7265e+01,8.7494e-01
14139800,8.0442e-01,1.0086e+00,9.9040e-01,-7.7885e+00,4.0649e+01,-1.5831e+02,9.0225e-01,9.9040e-01,3.0233e-01,2.7584e+01,9.0311e-01
14141500,7.2800e-01,1.0395e+00,1.0671e+00,-1.7315e+00,2.1358e+01,-1.4343e+02,8.4960e-01,1.0671e+00,5.7778e-01,3.3945e+01,8.7132e-01
14154500,6.1548e-01,1.0794e+00,1.1401e+00,4.0405e+00,6.7212e+01,-4.9295e+02,7.6462e-01,1.1401e+00,1.0526e+00,4.3670e+01,8.2834e-01
14158500,6.5874e-01,9.6852e-01,1.0983e+00,-1.4250e+01,2.3882e+00,-1.2711e+01,8.1018e-01,1.0983e+00,1.6250e+00,3.4492e+01,8.4068e-01
14158790,7.7730e-01,9.7702e-01,9.3790e-01,-8.5113e+00,4.0271e+01,-3.5239e+02,8.6931e-01,9.3790e-01,5.6757e-01,2.7308e+01,8.8732e-01
14166500,7.1257e-01,1.1020e+00,1.3024e+00,1.9429e+00,3.1278e+01,-2.4822e+01,6.6240e-01,1.3024e+00,7.6000e-01,2.5211e+01,8.8982e-01
14182500,7.7648e-01,9.1099e-01,8.9089e-01,-1.2021e+01,3.7427e+01,-1.7326e+02,8.1790e-01,8.9089e-01,6.1538e-01,3.2623e+01,8.8453e-01
14185000,8.2202e-01,1.0702e+00,9.8393e-01,2.3130e+00,7.6102e+01,-3.2387e+02,8.9176e-01,9.8393e-01,4.8780e-01,2.6797e+01,9.1921e-01
14185900,8.1711e-01,9.3844e-01,8.7224e-01,-1.1294e+01,6.4801e+01,-4.7289e+02,8.3120e-01,8.7224e-01,4.2500e-01,2.7128e+01,9.0845e-01
14222500,7.7460e-01,1.0398e+00,1.0968e+00,3.7870e+00,4.6062e+00,-1.8177e+02,8.5168e-01,1.0968e+00,6.8571e-01,3.3116e+01,8.9492e-01
14236200,7.8871e-01,9.0140e-01,8.4840e-01,-1.3830e+01,2.0371e+01,-2.6902e+02,7.9112e-01,8.4840e-01,5.6757e-01,3.0974e+01,8.9547e-01
14301000,8.7372e-01,1.0692e+00,1.1702e+00,8.1388e-01,2.0690e+01,-2.2499e+02,8.0940e-01,1.1702e+00,5.4286e-01,2.4531e+01,9.4926e-01
14305500,8.4114e-01,8.8213e-01,7.8686e-01,-1.4335e+01,6.6813e+01,-3.5096e+02,7.4636e-01,7.8686e-01,4.8387e-01,3.4510e+01,9.2919e-01
14306500,8.3942e-01,1.0933e+00,1.1111e+00,8.5556e+00,4.0207e+01,-2.8922e+02,8.4017e-01,1.1111e+00,7.7778e-01,3.2670e+01,9.3303e-01
14309500,6.0901e-01,1.1553e+00,1.2763e+00,1.2127e+01,6.0490e+01,-2.3933e+02,6.4921e-01,1.2763e+00,1.0370e+00,4.2788e+01,8.4975e-01
14316700,7.3857e-01,1.0834e+00,1.0036e+00,2.6674e+00,1.3300e+02,-8.1634e+02,8.5590e-01,1.0036e+00,6.2162e-01,2.6990e+01,8.8257e-01
14325000,7.3809e-01,1.0373e+00,1.2002e+00,-4.0369e+00,1.3654e+01,-5.6775e+01,7.6399e-01,1.2002e+00,7.5758e-01,3.7018e+01,8.8062e-01
14400000,6.8867e-01,6.3503e-01,6.0584e-01,-3.8178e+01,3.6137e+01,-1.8389e+02,4.5398e-01,6.0584e-01,5.4545e-01,4.5288e+01,9.0215e-01
